-- phpMyAdmin SQL Dump
-- version 4.3.11
-- http://www.phpmyadmin.net
--
-- Host: 127.0.0.1
-- Generation Time: Nov 10, 2015 at 01:08 PM
-- Server version: 5.6.24
-- PHP Version: 5.6.8

SET SQL_MODE = "NO_AUTO_VALUE_ON_ZERO";
SET time_zone = "+00:00";


/*!40101 SET @OLD_CHARACTER_SET_CLIENT=@@CHARACTER_SET_CLIENT */;
/*!40101 SET @OLD_CHARACTER_SET_RESULTS=@@CHARACTER_SET_RESULTS */;
/*!40101 SET @OLD_COLLATION_CONNECTION=@@COLLATION_CONNECTION */;
/*!40101 SET NAMES utf8 */;

--
-- Database: `tickets2`
--

-- --------------------------------------------------------

--
-- Table structure for table `attachments`
--

CREATE TABLE IF NOT EXISTS `attachments` (
  `aid` int(11) NOT NULL,
  `img_name` varchar(255) NOT NULL,
  `uid` int(11) NOT NULL,
  `group_id` varchar(255) NOT NULL
) ENGINE=InnoDB AUTO_INCREMENT=4 DEFAULT CHARSET=latin1;

--
-- Dumping data for table `attachments`
--

INSERT INTO `attachments` (`aid`, `img_name`, `uid`, `group_id`) VALUES
(1, '2de96b49e21c74eb7699d52b7259c82c.png', 195, '195_1446638757'),
(2, 'ChilkurBalajiTempleVisaBalajiinHyderabad(2)_2015-11-10.jpg', 194, '194_1447152161'),
(3, 'Chilkur-Balaji-Temple_2015-11-10.jpg', 194, '194_1447152161');

-- --------------------------------------------------------

--
-- Table structure for table `projects`
--

CREATE TABLE IF NOT EXISTS `projects` (
  `pid` int(11) NOT NULL,
  `name` varchar(255) NOT NULL
) ENGINE=InnoDB AUTO_INCREMENT=4 DEFAULT CHARSET=utf8;

--
-- Dumping data for table `projects`
--

INSERT INTO `projects` (`pid`, `name`) VALUES
(1, 'Eco Gym'),
(2, 'FMG'),
(3, 'Eco Impression');

-- --------------------------------------------------------

--
-- Table structure for table `projects_assign`
--

CREATE TABLE IF NOT EXISTS `projects_assign` (
  `id` int(11) NOT NULL,
  `pid` int(11) NOT NULL,
  `uid` int(11) NOT NULL,
  `assign` tinyint(4) NOT NULL,
  `date` timestamp NOT NULL DEFAULT CURRENT_TIMESTAMP
) ENGINE=InnoDB AUTO_INCREMENT=35 DEFAULT CHARSET=latin1;

--
-- Dumping data for table `projects_assign`
--

INSERT INTO `projects_assign` (`id`, `pid`, `uid`, `assign`, `date`) VALUES
(1, 1, 197, 1, '2015-11-04 11:55:21'),
(2, 2, 197, 1, '2015-11-04 11:55:22'),
(3, 3, 197, 1, '2015-11-04 11:55:22'),
(4, 4, 197, 1, '2015-11-04 11:55:22'),
(5, 1, 194, 1, '2015-11-04 11:55:31'),
(6, 2, 194, 1, '2015-11-04 11:55:31'),
(7, 3, 194, 1, '2015-11-04 11:55:31'),
(8, 4, 194, 1, '2015-11-04 11:55:31'),
(9, 1, 191, 1, '2015-11-04 11:55:56'),
(10, 3, 191, 1, '2015-11-04 11:55:56'),
(12, 2, 201, 1, '2015-11-04 11:57:22'),
(13, 4, 201, 1, '2015-11-04 11:57:22'),
(14, 4, 206, 1, '2015-11-04 11:57:33'),
(15, 2, 199, 1, '2015-11-04 11:57:42'),
(18, 3, 195, 1, '2015-11-04 11:58:11'),
(19, 1, 1, 1, '2015-11-05 06:39:32'),
(20, 2, 1, 1, '2015-11-05 06:39:33'),
(21, 3, 1, 1, '2015-11-05 06:39:33'),
(22, 1, 2, 1, '2015-11-05 06:39:40'),
(23, 2, 2, 1, '2015-11-05 06:39:40'),
(24, 3, 2, 1, '2015-11-05 06:39:40'),
(25, 1, 3, 1, '2015-11-05 06:39:50'),
(26, 2, 3, 1, '2015-11-05 06:39:51'),
(27, 1, 4, 1, '2015-11-05 06:39:58'),
(28, 2, 4, 1, '2015-11-05 06:39:58'),
(29, 3, 11, 1, '2015-11-05 06:40:06'),
(32, 1, 7, 1, '2015-11-05 06:41:55'),
(33, 2, 7, 1, '2015-11-05 06:41:55'),
(34, 3, 7, 1, '2015-11-05 06:41:55');

-- --------------------------------------------------------

--
-- Table structure for table `question_s`
--

CREATE TABLE IF NOT EXISTS `question_s` (
  `id` int(11) NOT NULL,
  `status_id` int(11) NOT NULL,
  `status_name` varchar(255) NOT NULL,
  `class_name` varchar(255) NOT NULL
) ENGINE=InnoDB AUTO_INCREMENT=4 DEFAULT CHARSET=latin1;

--
-- Dumping data for table `question_s`
--

INSERT INTO `question_s` (`id`, `status_id`, `status_name`, `class_name`) VALUES
(1, 0, 'Waiting for Answer', 'danger'),
(2, 1, 'Answered', 'primary'),
(3, 2, 'Completed', 'success');

-- --------------------------------------------------------

--
-- Table structure for table `tickets`
--

CREATE TABLE IF NOT EXISTS `tickets` (
  `id` int(11) NOT NULL,
  `isQuestion` tinyint(4) NOT NULL,
  `project` varchar(2) NOT NULL,
  `title` varchar(255) NOT NULL,
  `description` text NOT NULL,
  `status` int(11) NOT NULL,
  `uid` int(11) NOT NULL,
  `time` varchar(20) NOT NULL,
  `attachments_id` varchar(255) NOT NULL,
  `date` timestamp NOT NULL DEFAULT CURRENT_TIMESTAMP
) ENGINE=InnoDB AUTO_INCREMENT=298 DEFAULT CHARSET=latin1;

--
-- Dumping data for table `tickets`
--

INSERT INTO `tickets` (`id`, `isQuestion`, `project`, `title`, `description`, `status`, `uid`, `time`, `attachments_id`, `date`) VALUES
(1, 0, '1', 'EG0023516 Arsalan Ahmed', 'this account needs to be cancelled out with no further billing. it is a duplicate account.', 3, 8, '1441839081', '', '2015-09-09 17:21:21'),
(2, 0, '3', 'Change Employee Status to Member Status In Eco Impressions', 'Team,\n \nThe below members need to be switched from employee status to member status for access purposes in EI. We had a staff member incorrectly entering new enrollees. The problem with the staff member has been addressed and fixed going forward. My apologies.\n\nEG0035538: Zion Mason\nEG0035525:Shannon Bachar\nEG0035523:David DePino\nEG0035522: Jeff Fietko\nEG0035536: Kim Barker\nEG0035512: Joshua Rodriquez', 3, 9, '1441840564', '', '2015-09-09 17:46:04'),
(3, 0, '3', 'No Join Member not found', 'Team,\n\nMember EG0035543 Zach Morris is in a No Join status. I am not able to search for him to enroll as a member. He has not actually activated his membership yet with Credit Card. He is also set up as an employee status in EI currently. \n\nQuestion/Issue:\n\nAre we able to still enroll prints and find member even though they are a No Join in Eco Gym Website. Please advise. Thank you.', 3, 9, '1441840741', '', '2015-09-09 17:49:01'),
(4, 0, '1', 'EG0025208 Sue Bnddaoui', 'This is a duplicate "no join" account for an active member. please remove from no join list', 3, 8, '1441904784', '', '2015-09-10 11:36:24'),
(5, 0, '1', 'EG0025209 Sue Beddaaoui', 'this is another duplicate "no join" account for an active member. please remove from no join status list', 3, 8, '1441904877', '', '2015-09-10 11:37:57'),
(6, 0, '1', 'EG0024998 Richard Jacks', 'This is a duplicate "no join" account for a current member. please remove from report', 3, 8, '1441906071', '', '2015-09-10 11:57:51'),
(7, 0, '1', 'EG0024108 Max Gerber', 'This is a duplicate "no join" account for a cancelled member. please remove from report', 3, 8, '1441906318', '', '2015-09-10 12:01:58'),
(8, 0, '1', 'EG0024220 Jack O''keefe', 'this is a duplicate "no join" account for a current member. please remove from report', 3, 8, '1441906805', '', '2015-09-10 12:10:05'),
(9, 0, '1', 'EG0023850 Michelle Kriegel', 'this is a duplicate "no join" account for a cancelled member. please remove from report', 3, 8, '1441907087', '', '2015-09-10 12:14:47'),
(10, 0, '1', 'EG0025262 Dale Brinsky', 'Please issue refund of $150.00. Dale was on a college summer membership only. should not have been reactivated yesterday. thanks', 3, 8, '1441908501', '', '2015-09-10 12:38:21'),
(11, 0, '1', 'Louis Filipow EG0011216', 'Member was entered into eco impressions, but it was said that his eco ID already existed.  Please update eco ID with correct number.', 3, 7, '1441909238', '', '2015-09-10 12:50:38'),
(12, 0, '1', 'AVS Address Mismatch EG0033882: Brian Earley', 'Member is Inactive and when I try to process past dues, it declines and says address mismatch. Member is a training client and his address has not changed from 2200 Dalewood Ct. Plainfield IL 60586. Please advise. (not the only time I have seen this happen either). Thank you.', 3, 9, '1441911463', '', '2015-09-10 13:27:43'),
(13, 0, '1', '$200 4 Month College Student', 'Please remove decline $200 charge from member ID EG0035146. She was only to be charged $200 for a four month college seasonal membership. Please expire. Thank you.', 3, 9, '1441912658', '', '2015-09-10 13:47:38'),
(14, 0, '1', 'Geoffrey Hoyles EG0023303', 'I spoke with Geoffrey Hoyles.  His agreement end date was this month.  He was never told his membership would go month-to-month after his agreement ended.  He is not renewing his membership.  Please stop further billing.', 3, 8, '1441916871', '', '2015-09-10 14:57:51'),
(15, 0, '1', 'Freeze Inactive to Freeze Active', 'EG0033790 :GaryPaisley. Please make sure member is in Freeze Active Status. Thank you.', 3, 9, '1441923074', '', '2015-09-10 16:41:14'),
(16, 0, '1', 'Fernando Pulido EG0015216 - Naperville', 'Fernando Pulido EG0015216 - Naperville\nFlex Member\n0 workouts - Paid $0.00\nFree Month? - Advise as to why', 3, 2, '1441989049', '', '2015-09-11 11:00:49'),
(17, 0, '1', 'Scott Allgood EG0015054 - Naperville - Data Consistency Issue', 'Scott Allgood EG0015054 - Naperville\nActive in Eco Gym\nInactive in Eco Impressions', 3, 2, '1441989087', '', '2015-09-11 11:01:27'),
(18, 0, '1', 'Work Out Log between Clubs', 'Many customers are working out between Naperville and Plainfield:\nMember signed up in Naperville with an EG001***\nPhil registers the fingerprint in Plainfield in Eco Impression with their original member number\nAlso registered in BioManager in Naperville\nWe switched to Eco Impression in Naperville\nCustomer who is an EG001** ID, can''t access Naperville even though they have access in Plainfield\nExample Max Bednarski - EG0011514\nWhen trying to enter fingerprint in Eco Impression (Naperville), says "member number already exists"\nThis issue also happens with Plainfield members trying to use Naperville''s club.\nHow do we fix this and when will Global access work?', 1, 2, '1441989129', '', '2015-09-11 11:02:09'),
(19, 1, '1', 'Evan Marinis EG0025308', 'Evan Marinis EG0025308 is in a "no join" status. Problem is, I found a 2 month agreement for him that was signed on 6/29/15. The total payment was supposed to be a one time $99 charge.The way I am understanding this is, we never processed any payment for him. Should I just go ahead and process it? Also, how do I make sure that it does not get set as a recurring payment?', 1, 8, '1441990029', '', '2015-09-11 11:17:09'),
(20, 0, '1', 'Evan Marinis EG0025308', 'I spoke with chris gellings on the phone about this so nevermind my question earlier. Please process a 2 month membership from 6/29/15 totaling $99 with no recurring payments. It will go on a Visa card. CC# 4388-5266-7543-7619 expiring 06/2016.', 3, 8, '1441993556', '', '2015-09-11 12:15:56'),
(21, 0, '1', 'Jeff Young EG0015267', 'Please cancel with 30 day notice.  Member moved and brought in proper documents.  Documents on file at gym. Do not charge cancel fee.', 3, 7, '1442002739', '', '2015-09-11 14:48:59'),
(22, 0, '1', 'Danny David EG0025083', 'this is a duplicate "no join" account for an active member. please remove from report', 3, 8, '1442003207', '', '2015-09-11 14:56:47'),
(23, 0, '1', 'Julie Ford EG0022635', 'Matt Newman spoke with Julie Ford. She is supposed to be a complementary member because she is a personal training client. Please make our records reflect this. Matt can be reached at mnewman@ecogymworldwide.com with any further questions regarding this.', 3, 8, '1442003795', '', '2015-09-11 15:06:35'),
(24, 0, '1', 'Jeff Amport EG0015548', 'Please refund $59 dollars to credit card on file.  Member switched from Plainfield to Naperville and works out more than 26 times a month.', 3, 7, '1442004310', '', '2015-09-11 15:15:10'),
(25, 0, '1', 'Guoqing Shao EG0014307', 'Please credit 4 workouts for scanner issues', 3, 7, '1442004379', '', '2015-09-11 15:16:19'),
(26, 0, '1', 'Lisa Sonnenberg EG0015418', 'Please freeze for 1 month, member is having surgery and emailed proper documents', 3, 7, '1442005172', '', '2015-09-11 15:29:32'),
(27, 0, '1', 'Dimitri Korsinis EG0024198', 'this is a duplicaten "no join" account for a member we have on a freeze. please remove from report', 3, 8, '1442006433', '', '2015-09-11 15:50:33'),
(28, 0, '1', 'EG0025524 Jeff Maslouski', 'Please add 6 workouts to reflect pricing on his flex rate membership. there was a misunderstanding when explaining check in/out procedure somehow', 3, 8, '1442249890', '', '2015-09-14 11:28:10'),
(29, 0, '1', 'College Member Cancellation EG0034771', 'Nicholas Carter EG0034771 was only supposed to be a Flex member for 5 months due to college in August and leaving early for the baseball team. We unfortunately did not have any seasonal four month memberships at this time. \nPrevious Fitness Counselor set up the membership and did not notify me or adjust the end to August 13th. Please cancel immediately and do not charge $200 cancel fee. I have spoken with is father Charles, who was financially the one responsible for the account with us. Member will be returning next Summer and enrolling in our seasonal option. Thank you.', 3, 9, '1442255805', '', '2015-09-14 13:06:45'),
(30, 0, '1', 'EG0025063 Nikke Gerber', 'Duplicate "no join" account for active member. please remove from report', 3, 8, '1442256261', '', '2015-09-14 13:14:21'),
(31, 0, '1', 'EG0025036 Desirey Chamoun', 'duplicate "no join" account for active member. please remove from report', 3, 8, '1442256409', '', '2015-09-14 13:16:49'),
(32, 0, '1', 'EG0022816 Bradley Cole', 'from what I can tell, Brad will be billed 42$ on 9/17/15. He is one of the people on the "comp PT" list. he should not be getting charged for membership', 3, 8, '1442257236', '', '2015-09-14 13:30:36'),
(33, 0, '1', 'Mike Spaeth EG0012882', 'Please refund last 2 payments.  Member cancelled over a year ago.', 3, 7, '1442257945', '', '2015-09-14 13:42:25'),
(34, 0, '1', 'Karly Sachs EG0025150 and EG0025210', 'we have two active accounts for one member. they are both being charged 19.97 per month for membership. Karly is supposed to be an add-on on her mom, Diane''s account. one of Karly''s accounts needs to be deleted and have all charges refunded. she has been double billed since june', 3, 8, '1442259838', '', '2015-09-14 14:13:58'),
(35, 0, '1', 'EG0023497 Vadim Lakhtionov', 'duplicate "no join" account for active member. please remove from report', 3, 8, '1442260716', '', '2015-09-14 14:28:36'),
(36, 0, '1', 'EG0023386 Chris Thomas', 'This is a duplicate "no join" account for a "cancelled" member. please remove from report', 3, 8, '1442261546', '', '2015-09-14 14:42:26'),
(37, 0, '1', 'EG0023267 Katrina Stolpe', 'this is a duplicate "no join" account for an "expired" member. please remove from report', 3, 8, '1442261867', '', '2015-09-14 14:47:47'),
(38, 0, '1', 'deactivated fingerprints', 'this morning so far, I have run into 2 members who could not scan in. Mike''s (employee) prints were deactivated along with mine for some reason. I have no way of knowing who else this happened to. What should I do about this?', 3, 8, '1442328648', '', '2015-09-15 09:20:48'),
(39, 0, '1', 'Mia LaSusso EG0015334', 'Member was charged on cc ending in 2896, please refund that card and charge cc ending in 8047.', 3, 7, '1442334343', '', '2015-09-15 10:55:43'),
(40, 0, '1', 'EG0025542 Eco Impression', 'Need to update email to: eaccustomercreations@gmail.com\n\nSpoke with Deepika about this issue:\nWe can''t save the customer prints as the system is throwing an error "can''t save because email is not valid"\nPlease update system to accept all email accounts.\n\nThanks\n\nMichael', 3, 2, '1442340738', '', '2015-09-15 12:42:18'),
(41, 0, '1', 'EG0025542 Ed Caro', 'his email address was updated fine. problem is, his picture and prints I had taken were deleted, and I can''t take a new picture, therefore I am unable to register new prints', 6, 8, '1442346552', '', '2015-09-15 14:19:12'),
(42, 1, '1', 'early termination fees', 'When a member needs to cancel within their term, and a $200 fee applies, does that charge come the day of cancelation? or does it come in 30 days?', 2, 8, '1442350580', '', '2015-09-15 15:26:20'),
(43, 0, '3', 'camera', 'I cannot register any new prints for members due to the inability to capture an image.', 3, 8, '1442358799', '', '2015-09-15 17:43:19'),
(44, 0, '1', 'Members having difficulty logging into their accounts (Eric Kozlowski EG0013728)', 'Eric Kozlowski , EG0013728, could not log into his account. I have also had other members complain.\n\nPlease attempt his login credentials:\n\nUsername: koz.eric, perhaps (Koz.eric)\nPassword: Boceans35\n\n-Chris', 3, 10, '1442419175', '', '2015-09-16 10:29:35'),
(45, 0, '1', 'Steve Janus EG0010068', 'Please delete duplicate member Steve Janus EG0010068 in Naperville and refund $38.97 to the card ending in 7117.\n\n-Chris', 3, 10, '1442419247', '', '2015-09-16 10:30:47'),
(46, 1, '1', 'member online access', 'a few members have brought to my attention that when they log onto eco gym to check their workouts, they are just getting error messages. Is there anything I can tell them in terms of a timeline of when the site will be back up and running?', 1, 8, '1442424141', '', '2015-09-16 11:52:21'),
(47, 1, '3', 'cannot take picture', 'I am unable to take a members picture and save their fingerprints. Is there anything to do on my end?', 1, 8, '1442428108', '', '2015-09-16 12:58:28'),
(48, 0, '1', 'EG0023986 Manal Mirza', 'Please issue a refund to the above account of $120 (4 months of $30 each). She should have been canceled in late April because she moved back downtown for school. It is understood that her May payment should stand. June, July, August, and September need to be refunded', 3, 8, '1442429286', '', '2015-09-16 13:18:06'),
(49, 0, '1', 'Connor Marchetti EG0035225 and Samantha Marchetti EG0035231', 'Members are currently enrolled at Plainfield, but only use Naperville.  Please transfer both memberships to Naperville.', 3, 7, '1442430785', '', '2015-09-16 13:43:05'),
(50, 0, '1', 'Membership Cancellation for School In Chicago: EG0034949 Kiran Shaikh', 'Member was enrolled with GTC up front to waive $79. She gave Marie 30 days notice to cancel that reoccurring service and was billed once extra month of $30. She has a decline transaction of $59 and has relocated to the city for school. Cancel Request has been approved. I have worked with member to charge difference of $59 and $30=$29 for last month''s dues to suffice the cancellation. Please process $29 for last month''s dues and proceed with planned cancellation of membership to due relocation for school. Thank you.', 3, 9, '1442433446', '', '2015-09-16 14:27:26'),
(51, 0, '1', 'EG0035038-Anjilita Lopez', 'Member ID # EG0035038 never activated successfully. She will not be joining at this time. Please cancel member with no additional charges. Thank you', 3, 9, '1442442118', '', '2015-09-16 16:51:58'),
(52, 0, '1', 'Bhavin Patel EG0013695', 'Member was charged $19 when he worked out over 26 times, but the scanner system was not working for the last week and never recorded workouts.  Please refund.', 3, 7, '1442442623', '', '2015-09-16 17:00:23'),
(53, 0, '1', 'EG0035304', 'Member ID EG0035304. Please make sure member expires on scheduled 9/29/15 and is not billed further on 9/29/15. Thank you.', 3, 9, '1442443580', '', '2015-09-16 17:16:20'),
(54, 1, '1', 'report analytics', 'When click the button to export to exel, nothing is happening. Am I doing something wrong?', 1, 8, '1442511675', '', '2015-09-17 12:11:15'),
(55, 0, '1', 'Joe Jablonski EG0025078', 'Joe was on a summer college membership. He paid in full $200 in May. He was then charged another $200 in september. please reverse the september $200. thank you', 3, 8, '1442520567', '', '2015-09-17 14:39:27'),
(56, 0, '1', 'J Emery EG0025533', 'J came in and had do take advantage of our 14 day money back service guarantee. When I tried to process the request, I got the following message at the top of the screen, "Error occured while processing the Refund. Error is:Transaction ID is invalid.". Please make sure cancelation was processed successfully and his refund was issued', 3, 8, '1442521410', '', '2015-09-17 14:53:30'),
(57, 0, '1', 'Carly Quick EG0013409', 'Please refund last 2 payments and cancel out immediately.  Member went to college and was supposed to be canceled.', 3, 7, '1442521537', '', '2015-09-17 14:55:37'),
(58, 0, '1', 'Joe Jablonski EG0023547', 'This is a duplicate account for a member who should be cancelled. Please delete', 3, 8, '1442521582', '', '2015-09-17 14:56:22'),
(59, 0, '1', 'Marcelina Moczybroda EG0023799', 'Marcelina had cancelled with former staff in May but continued to get billed. She understands that Junes payment should still be there, but we need to refund her July, August, and September.', 3, 8, '1442533294', '', '2015-09-17 18:11:34'),
(60, 0, '1', 'John Clark: EG0035575', '1) Member EG0035575 signed up for a Flex with Marie Tilton on 9/17/15. Called back immediately on 9/17/15 to switch to $39 fixed rate for 18 months. Was charged $118.03 instead of $119. Please look into this for future Flex with GTC payments being processed as I do not know if there is an issue or not on this or not. \n\n2) Please switch member to fixed $39 with GTC and bill remaining $19.97 ($138-$118.03) Thank you. \n\nFYI: I have already removed GTC reoccurring myself as member only wanted first two months and no reoccurring due to his work schedule not lining up with any classes. Thank you', 3, 9, '1442594959', '', '2015-09-18 11:19:19'),
(61, 0, '1', 'EG0034342: Two Child Add On''s', 'Member Maureen Gansz EG0034342 enrolled in January as a fixed $19 with three child add on''s on her account. At the time, member was not comfortable with having an EFT and would come into the club to pay all $76 in person each month on her scheduled bill date with her Credit Card. She dropped one child add on and wanted to keep the other two on. I informed member we will need an EFT moving forward with the new software and she was ok with that. \n\n She is responsible for all three monthly payments totaling $59.91 currently. Her two add ons were not being billed as join actives and they are currently in no join status. I would like to process each no join on 9/25/15, which is her reoccurring bill date for $19.97 per member only. System will automatically bill first and last month''s up front $39.94 and I do not want to over charge her as she paid first and last month for each member when she joined ($342). \n\nMember Names and ID''s\n\nEdgar Gansz EG0034344: $19.97\nJacob Gansz EG0034345: $19.97\n\nCharge card ending 9532 exp. 12/17\n\nThank you', 3, 9, '1442595708', '', '2015-09-18 11:31:48'),
(62, 0, '1', 'Nida Shaikh EG0034948', 'Please remove decline $14.99 (pro-rated GTC charge). Member gave me 30 days notice and I did not process in time. Member does not owe $14.99 due to operational error on my end. Please make sure she is returned to Join Active Status. Thank you.', 3, 9, '1442596057', '', '2015-09-18 11:37:37'),
(63, 0, '1', 'EG0034897 Camille Alvino', 'Member is canceling from Plainfield and transferring to Naperville', 5, 7, '1442596801', '', '2015-09-18 11:50:01'),
(64, 0, '1', 'UI Guest Pages Valentine''s, February 2015 Offer', 'Please remove. It has been posted since February 2015.\n\nThanks\n\nMichael', 3, 2, '1442606488', '', '2015-09-18 14:31:28'),
(65, 0, '1', 'UI Guest Screens - 7 Day Pass', 'After a customer enrolls for a 7 day pass, they have to sign a waiver of liability. Once they sign the waiver, they have access to the entire 1-2 page legal agreement of our membership. They should not have the ability to view this. Please remove this portion of visibility to all customers.\n\nThanks\n\nMichael', 3, 2, '1442606585', '', '2015-09-18 14:33:05'),
(66, 1, '3', 'deactivation', 'we have several members who have had their fingerprints deactivated even though they are active, paying members. I have gone ahead and reactivated their prints, but the next day they were deactivated again. Please stop deactivating people who i have reactivated. \n\nside note, my prints were also deactivated again this morning.', 1, 8, '1442610226', '', '2015-09-18 15:33:46'),
(67, 0, '1', 'Neil Uhler EG0022128', 'member is in cancelled status. Should not be. please reactivate membership and continue billing as usual', 3, 8, '1442610306', '', '2015-09-18 15:35:06'),
(68, 0, '1', 'Stephanie Uhler EG0023447', 'member is in cancelled status but should not be. please reactivate member and continue billing as usual', 3, 8, '1442610359', '', '2015-09-18 15:35:59'),
(69, 0, '3', 'Deactivating Staff and Customers with no reason', 'Dylan Brown prints were deactivated 9/16 and 9/18\n - on 9/18 prints were showing as deactivated but the pin code worked\n\nCustomers deactivated over the past few days and have no issues in Eco Gym Member database - more may exist:\nEG0023874\nEG0024912', 3, 2, '1442612688', '', '2015-09-18 16:14:48'),
(70, 0, '1', 'Personal Training Client with Free Membership', 'EG0021866\n\nThis customer has had a free membership since joined because she has purchased near $20K in personal training.\n\nPlease remove inactive status and all failed payments. Please reactivate membership billing starting January 21st, 2016.\n\nThanks\n\nMichael', 3, 2, '1442612791', '', '2015-09-18 16:16:31'),
(71, 0, '3', 'Prints Deactivated', 'EG0024232\n\nCustomers is active in Eco Gym and account was deactivated in EI\n\nPlease resolve this and find the root cause to fix all other issues\n\nThanks\n\nMichael', 3, 2, '1442613023', '', '2015-09-18 16:20:23'),
(72, 1, '1', 'the Uhlers', 'Who cancelled stephanie and neil uhler''s membership accounts? is there any reason for this happening?', 1, 8, '1442613295', '', '2015-09-18 16:24:55'),
(73, 0, '1', 'EG0035130', 'Taylor Zvokel EG0035130 joined as a college three month membership and paid $39.94 on 5/21/15 and $19.97 on 6/19. On 7/19, she shows a 0 transaction, but was still billed for reoccurring when she was not supposed to be. We were not offering a three month seasonal $200 at this time. \n\nShe is an add on under primary members Tracey LaFaire (EG0033998) and Robert Lafaire (EG0033999) for $19.97. Her brother Jake Novacek EG0035131 shows expired in system and paid $39.94 on 5/21 and $19.97 on 6/19. It then shows a 0 transaction for him on 7/19/15, but I do not see a cancel request that was put in from my end. I am assuming the 0 transaction means, they both should have expired on 7/19/15 with no further billing? Please advise. \n\nPlease refund last two months of $19.97=$39.94 for member ID EG0035130 as she has gone to college in August and should have expired like member ID EG0035131. Thank you.', 3, 9, '1442858285', '', '2015-09-21 12:28:05'),
(74, 0, '1', 'Plainfield Staff: Complimentary', 'Ryan Yaeger EG0034539 is an employee and needs to be processed as a complimentary with out a credit card on file. Thank you', 3, 9, '1442859220', '', '2015-09-21 12:43:40'),
(75, 0, '1', 'Plainfield Staff: Complimentary', 'Magda Ksiazak EG0034529 is an employee. Please activate as complimentary to join green status with out a credit card on file. Thank you', 3, 9, '1442859292', '', '2015-09-21 12:44:52'),
(76, 0, '1', 'Plainfield Staff: Complimentary', 'Jaime Sortino EG0035394. Please activate as complimentary to join green status with out a credit card on file. Thank you', 3, 9, '1442859329', '', '2015-09-21 12:45:29'),
(77, 0, '1', 'Plainfield Family: Complimentary', 'Gary Goforth EG0034586. Son of Philip Goforth who is our General Manager. Please activate as complimentary to join green status with out a credit card on file. Thank you', 3, 9, '1442859382', '', '2015-09-21 12:46:22'),
(78, 0, '1', 'Plainfield Family: Complimentary', 'Paula Goforth EG0034585. She is the mother of Philip Goforth. Please activate as complimentary to join green status with out a credit card on file. Thank you', 3, 9, '1442859432', '', '2015-09-21 12:47:12'),
(79, 0, '1', 'Plainfield Family: Compliementary', 'Morgan Mrozik EG0034562. Girl friend of Philip Goforth. Please activate as complimentary to join green status with out a credit card on file. Thank you', 3, 9, '1442859477', '', '2015-09-21 12:47:57'),
(80, 0, '1', 'Plainfield Family: Complimentary', 'Paige Tilton EG0034929. Daughter of Marie Tilton (employee of plainfield) Please activate as complimentary to join green status with out a credit card on file. Thank you', 3, 9, '1442859535', '', '2015-09-21 12:48:55'),
(81, 0, '1', 'Plainfield Family : Complimentary', 'Tom Tilton EG0034296. Husband of Marie Tilton. Please activate as complimentary to join green status with out a credit card on file. Thank you', 3, 9, '1442859573', '', '2015-09-21 12:49:33'),
(82, 0, '1', 'Plainfield Staff:Complimentary', 'Marie Tilton EG0034038. Employee at Plainfield. Please activate as complimentary to join green status with out a credit card on file. Thank you', 3, 9, '1442859639', '', '2015-09-21 12:50:39'),
(83, 0, '1', 'Bianca Donato EG0015189', 'Member should have 16 workouts for the month.  Scanner issues didn''t allow the workouts to register.  Please refund accordingly.', 3, 7, '1442860470', '', '2015-09-21 13:04:30'),
(84, 0, '1', 'In Sun YooEG0022827', 'I was in the process of switching member from cancelled status to complementary, and i could not do so without a charge to the account. please make complementary member with no charge.\n\ncomplementary membership should end march 2016', 3, 8, '1442861501', '', '2015-09-21 13:21:41'),
(85, 0, '1', 'Yong Ju YooEG0022829', 'member needs to be switched from cancelled status to complementary status with not charge\n\ncomplementary membership ends in march 2016', 3, 8, '1442861608', '', '2015-09-21 13:23:28'),
(86, 0, '1', 'Donna Scherner EG0034443', 'I have a freeze request on file for member EG0034443 dated on 8/10/15, but was unable to get this over to anyone in time. She was just billed on 9/21/15 (8/26/15 decline) for $39 and $19.97 for her child add on. This should have been her last flex payment, but due to my error on my end has continued on her Flex program. The freeze was written on the form for 8/26/15-11/26/15. I will need to move this from 9/26/15-12/26/15 (90 days) with no freeze fee (my discretion due to her current situation). I am going to continue charging her son the $19.97 add on fee for his club usage. He is 16 years old. \n\nHe is currently under Child Training in EG0034443''s account and system is wanting me to pro rate and charge when I discontinue the reoccurring. Her son Kyle has an eco ID # EG0034544, which I now need to activate for only $19.97 on 9/26/15 with card ending 7069 in order for him to gain access moving forward. I have imputed credit card ending 7069 for EG0034544 and need to process $19.97 on 9/26/15. Please remove reoccurring child training fees under EG0034443 immediately, so we are able to activate the new no join account EG0034544 on 9/26/15 with only a $19.97 charge. \n\nPlease freeze EG0034443 effective 9/26/15 with no additional charges for member ID EG0034443 and freeze end date of 12/26/15. Thank you.', 3, 9, '1442864753', '', '2015-09-21 14:15:53'),
(87, 0, '1', 'Jacqueline CampoEG0022412', 'member canceled in April with Bill. \n\ncontinued to be billed until now. \nneeds a refund of 126$ (42$*3 months)\nshould have not been charged in september so please remove from inactive list', 3, 8, '1442871628', '', '2015-09-21 16:10:28'),
(88, 0, '1', 'New Member: EG0035582', 'Payment profile is not showing the card on file as reoccurring. I need card ending 0453 to reoccur for membership. Thank you', 3, 9, '1442873572', '', '2015-09-21 16:42:52'),
(89, 0, '1', 'Katy Bartling EG0022724', 'member relocated. move to cancel status', 3, 8, '1442873796', '', '2015-09-21 16:46:36'),
(90, 0, '1', 'Bob Begeske EG0023235', 'member relocated. please move to cancel status', 3, 8, '1442873842', '', '2015-09-21 16:47:22'),
(91, 0, '2', 'Pump One User access issue', 'Having troubles logging into pump one from our website after creating a new paying user. \n1) I am not able to login - I get a error asking to send an email to benso.michael@gmail.com. I test the accounts in the early stages to ensure my customers get what they need.\n\n2) The error message said "json error"\n\n3) Thank you', 3, 2, '1442875171', '', '2015-09-21 17:09:31'),
(92, 0, '1', 'Jeff Vadukuncherry EG0023932', 'was a membership transfer. payment is continuing under another member. please make cancel status', 3, 8, '1442875179', '', '2015-09-21 17:09:39'),
(93, 0, '1', 'Sharon Gould EG0023647', 'this is an active member. we are forgiving the past due payments.', 3, 8, '1442875569', '', '2015-09-21 17:16:09'),
(94, 0, '1', 'John Caldwell EG0025261', 'was on summer membership. please move to cancel status', 3, 8, '1442875610', '', '2015-09-21 17:16:50'),
(95, 0, '1', 'Allan Resnick EG0021792', 'member relocated. please move to cancel status', 3, 8, '1442875759', '', '2015-09-21 17:19:19'),
(96, 0, '1', 'Nancy Resnick EG0021793', 'member relocated please move to cancel status', 3, 8, '1442875788', '', '2015-09-21 17:19:48'),
(97, 0, '1', 'Brent Welke EG0022147', 'complemntary PT member. forgive any past due balances and keep active', 3, 8, '1442876800', '', '2015-09-21 17:36:40'),
(98, 0, '1', 'Jan Heuberger EG0022224', 'relocated please move to cancel status. forgive balance', 3, 8, '1442879739', '', '2015-09-21 18:25:39'),
(99, 0, '1', 'Paul Paulose EG0015291', 'Please add 5 workouts, scanner has not been registering workouts', 3, 7, '1442942859', '', '2015-09-22 11:57:39'),
(100, 0, '1', 'Stanely Miliavski EG0014424 and Guenadi Miliavski EG0014424', 'Please add 9 workouts for each, scanner has not been registering workouts', 3, 7, '1442943012', '', '2015-09-22 12:00:12'),
(101, 0, '1', 'Burton KrainEG0021905', '<p>non member since 2014. was charged 69.97 in August 2015. we need to issue him a refund of $69.97</p>', 3, 8, '1442958737', '', '2015-09-22 16:22:17'),
(102, 0, '1', 'Oliver UrregoEG0022935', '<p>non member since 2014. was charged in August 2015 for $42 and September 2015 for $48.97. we need to refund both these amounts. </p><p><br/></p><p>I tried offering free months to make up for it instead of refund but they no longer live in the area either.</p>', 3, 8, '1442958891', '', '2015-09-22 16:24:51'),
(103, 0, '1', 'Shiv Seth EG0010606', '<p>Please add 2 workouts for 9/6 and 9/7 from when the scanner was not registering.</p>', 3, 7, '1442962139', '', '2015-09-22 17:18:59'),
(104, 0, '1', 'Amita Seth EG0012194', '<p>Please add 2 workouts for 9/5 and 9/7, she came twice and I am unable to add more workouts </p>', 3, 7, '1442962574', '', '2015-09-22 17:26:14'),
(105, 0, '1', 'Josh Schwartz EG0023823', '<p>I have spoken with Chris G about this member</p><p>we need to cancel his membership account and collect a $200 early termination fee. </p>', 3, 8, '1442964007', '', '2015-09-22 17:50:07'),
(106, 0, '1', 'Jennifer BohmEG0025263', '<p>member was just on a summer membership paid in full $150</p><p>we charged her again in september another $150</p><p>must issue $150 refund.</p><p>i have already processed a cancel request for the account</p>', 3, 8, '1443025121', '', '2015-09-23 10:48:41'),
(107, 0, '1', 'EG0013879', '<p>Member has been having biometric issues going back from Plainfield/Naperville for months and is very upset.  Cancel member out without any sort of cancellation fee and waive any remaining payments.</p>', 3, 7, '1443029235', '', '2015-09-23 11:57:15'),
(108, 0, '3', 'Adil Ali EG0023413', '<p>member is active in eco gym but has deactivated finger prints. please make sure he is in active status. member usually comes to the club early morning (non staffed hours)</p>', 3, 8, '1443034088', '', '2015-09-23 13:18:08'),
(109, 0, '1', 'Brianne Kebler', '<p>september 2015 was the first time we charged Brianne since 2014. She provided us with email documentation that Sonny Benso would have her account frozen and she would not be charged for membership. </p><p>reason for freeze: she was moving away and was not sure if she would be close enough for her to continue membership in Plainfield. She was charged in early september for 69.97. this charge should not have happened and needs to be refunded. She is in cancelled status now</p><p>if you need to see the Email conversation between Sonny and Brianne, I can send it to you directly via email</p>', 3, 8, '1443034837', '', '2015-09-23 13:30:37'),
(110, 0, '3', 'terrie StengelEG0021866', '<p>please make sure this member has active prints. I activated them just now but I am not confident they will stay active</p>', 3, 8, '1443042099', '', '2015-09-23 15:31:39'),
(111, 1, '1', 'Yoo', '<p>The two Yoo accounts we have that are supposed to be on freeze, I am reading that the freeze end date was 8/30/15? freeze supposed to end in march of 2016? Am i just reading something wrong?</p>', 2, 8, '1443042707', '', '2015-09-23 15:41:47'),
(112, 1, '1', 'mistake', '<p>i appologize for the confusion….I keep replying to the tickets without closing it. </p>', 2, 8, '1443047190', '', '2015-09-23 16:56:30'),
(113, 0, '1', 'EG0034670', 'Member ID EG0034670 was billed $19.97 for allowing a non member in the club after staffed hours as a deterrent to discontinue those actions on 7/27/15. \n\nMember is currently inactive and is not responsible for the 8/27/15 $19.97 decline. I have removed the service. Please remove this decline charge. There is one other $29 decline for the club enhancement dues that member still owes on his account. I will be collecting this. Thank you.', 3, 9, '1443048342', '', '2015-09-23 17:15:42'),
(114, 0, '3', 'Thanka VadukumcherryEG0025432', '<p>workouts are not registering for member. I made sure she is scanning properly, and I cannot come up with an answer. please advise</p>', 5, 8, '1443051229', '', '2015-09-23 18:03:49'),
(115, 0, '1', 'EG0035398', 'EG0035398: Please credit 5 workouts for this member. Our scanners were acting up for a few days and this member missed on some visits due to the scanners being inconsistent. Thank you', 3, 9, '1443117244', '', '2015-09-24 12:24:04'),
(116, 0, '1', 'Charlie Radeke EG0014512', '<p>Please add 13 workouts, 9/2, 9/3, 9/6, 9/7, 9/8, 9/10, 9/11, 9/14, 9/15, 9/16, 9/17, 9/18, 9/19</p>', 3, 7, '1443122125', '', '2015-09-24 13:45:25'),
(117, 0, '1', 'Laurie Glaser EG0023766', '<p>has notation on agreement from former manager that early termination fees do not apply. I am just making sure that this will be the case. i have processed the cancel request</p>', 3, 8, '1443126237', '', '2015-09-24 14:53:57'),
(118, 1, '1', 'Maryanne Au EG0023146', '<p>in this member''s account history, I am seeing that in November of 2014, a refund was issued for a cancelation. if that is the case, why are we trying to charge August and September 2015? Isn''t the member supposed to be cancelled? </p><p>Should I be pursuing payment information for her because she is appearing as an inactive member</p>', 1, 8, '1443130478', '', '2015-09-24 16:04:38'),
(119, 0, '1', 'Jorge Ayala EG0015344', '<p>Please freeze membership for 1 month, member brought in doctor''s note.</p>', 3, 7, '1443130684', '', '2015-09-24 16:08:04'),
(120, 0, '1', 'Matt Choi EG0024041', '<p>member''s term ends on 11/26/2015. he came in to give notice that he does not wish to continue after term is up. please make sure that 11/26/2015 is his last bill date. </p><p>Should I process a request now?</p>', 3, 8, '1443132779', '', '2015-09-24 16:42:59'),
(121, 0, '1', 'Kimberly Hill EG0025302', '<p>member was on a one time paid in full college summer membership ($150). this was paid for in July 2015. we charged another $150 in August 2015. account should not have been set on recurring billing. please issue refund of $150 to card on file</p>', 3, 8, '1443138307', '', '2015-09-24 18:15:07'),
(122, 0, '2', 'Faith Wilder EG0010417', '<p>Member was cancelled through Eco website, but was never cancelled through FMG.  Please refund $30 from September and put on card on file.</p>', 5, 7, '1443201481', '', '2015-09-25 11:48:01'),
(123, 0, '1', 'College Kid/Cancel EG0035005', 'Member ID EG0035005 signed up in April before we had the 4 month college option. I have already put in cancel request on website. Her last payment will be 10/17/15. Please do not charge $200 on this date too. She will expire on 11/6/15. Thank you.', 3, 9, '1443203566', '', '2015-09-25 12:22:46'),
(124, 0, '1', 'Urszula Lewandowski EG0022154', '<p>Please make member cancel status with no further billing. member was under the impression she was cancelled in november of 2014. We have collected on her every month since then for 69.97 flex membership and 19.97 hyperbaric.</p>', 3, 8, '1443205464', '', '2015-09-25 12:54:24'),
(125, 0, '1', 'Jasmina Bjegovic EG0023260', '<p>please change from expired to cancelled status. we have cancelation form on file at the club</p>', 3, 8, '1443207286', '', '2015-09-25 13:24:46'),
(126, 0, '1', 'Sandy SheagrenEG0021648', '<p>Please give member 1 year complementary. This is in reference to a conversation Chris G and I had regarding how we can make up for past issues with her.</p>', 3, 8, '1443210099', '', '2015-09-25 14:11:39'),
(127, 0, '1', 'Amy Biedron EG0013451', '<p>Please cancel out with no remaining payments, member moved and was supposed to be canceled in April. </p>', 3, 7, '1443211520', '', '2015-09-25 14:35:20'),
(128, 0, '1', 'Kathleen Schmid EG0010370', '<p>Please add 5 workouts 9/5, 9/6, 9/7, 9/10, 9/11</p>', 3, 7, '1443212746', '', '2015-09-25 14:55:46'),
(129, 0, '3', 'John Bakun EG0023591', '<p>this is an employee here that still is having deactivated prints issues. please activate prints, he has clients over the weekend that he will have to get in the club for</p>', 3, 8, '1443220208', '', '2015-09-25 17:00:08'),
(130, 0, '3', 'Adam Sidoti EG0021908', '<p>member needs to be active status and have prints active. his balance will be forgiven. Chris G got him on a whole new membership</p>', 3, 8, '1443456936', '', '2015-09-28 10:45:36'),
(131, 0, '1', 'Metrics Report Access', 'Team,\n\nI do have access on my UI to pull up the Metrics Reports currently for collecting past inactive accounts. Please advise, as it is the end of the month and I need to be collecting these next three days. Thank you.', 3, 9, '1443460656', '', '2015-09-28 11:47:36'),
(132, 0, '1', 'John FelagellerEG0021930', '<p>member is in expired status. please make active status and continue billing a $42/month fixed rate.</p>', 3, 8, '1443463534', '', '2015-09-28 12:35:34'),
(133, 0, '1', 'Dean Adams EG0023383', '<p>member is currently inactive. please make cancelled status. I have discussed a payment plan to take care of what he owes us. he will not be continuing his membership after he has paid up. he has relocated.</p>', 3, 8, '1443465867', '', '2015-09-28 13:14:27'),
(134, 0, '3', 'lawrence ShneiderEG0023302', '<p>Please make his fingerprints active until oct. 15 2015. he is in cancelled status, though he should not be, according to his agreement. </p><p>amendments were made to his agreement originally, and I am trying to figure out a way to make it work.</p>', 3, 8, '1443471554', '', '2015-09-28 14:49:14'),
(135, 0, '1', 'PT Client/Renwal Membership', 'Members Rob & Lisa Whitley EG0034951/EG0034952 enrolled as Flex members on 4/20/15. They were looking into a 120 personal training package, but needed to go through their FA first. We agreed upon a $19/month option with no start up fees, if they were to sign up for 120 sessions. They ended up going with the 120 sessions and I never got around to switching their rate over to the $19 with no additional fees. I am not requesting any refunds here, but simply to switch them to a $19.97/ member rate (only option in system that is close to $19/month). Considering the over charges on my behalf, I would like to cancel them effective 10/20/15 (last flex due on this date)/member). I will reactivate them as $19.97/member on 12/20/15 and charge $39.94 a piece. \n\nThey have renewed on an agreement for the next 12 months on this rate with us. We are also looking at renewing sessions once they are finished with the current package. Thank you for this request.', 3, 9, '1443474171', '', '2015-09-28 15:32:51'),
(136, 0, '3', 'Jonny Stricker EG0023626', '<p>member needs his prints made active please. he is showing as active status in eco gym. as of right now, I have reactivated him so he could log today''s workout for his flex rate membership. </p>', 3, 8, '1443482553', '', '2015-09-28 17:52:33'),
(137, 0, '1', 'EG0035198: Christina Manno', 'Please take a look at account billing history for member ID EG0035198. Member is showing a decline of $49 for 20 workouts. This payment should be $29. Please advise on this. Thank you.', 3, 9, '1443544665', '', '2015-09-29 11:07:45'),
(138, 0, '1', 'Camille Alvino EG0034897', 'Member using both clubs on Flex before Naperville had new devices. Next bill date is set for 9/30/15 (tomorrow). Please add 10 workouts from Naperville location to account. Thank you.', 3, 9, '1443547755', '', '2015-09-29 11:59:15'),
(139, 0, '1', 'EG0035225', 'Member uses Naperville club on a Flex before new devices were installed. Please credit 5 workouts for current flex bill cycle. Thank you.', 3, 9, '1443548453', '', '2015-09-29 12:10:53'),
(140, 0, '1', 'EG0035231', 'Member uses Naperville club on a Flex before new devices were installed. Please credit 5 workouts for current flex bill cycle. Thank you.', 3, 9, '1443548471', '', '2015-09-29 12:11:11'),
(141, 0, '1', 'EG0034798', 'Dylan Gillis EG0034798 (16yrs) was a child add on under Nancy Montroy EG0034799 on 3/18/15. At the time (3/18/15), we ran her two kids as unlimited hyperbaric and unlimited classes for $29.97 (other son/next ticket). We gave them a price break. These two kids also are responsible for cleaning our club an hour a day and need after hour access sometimes to clean later at night. I have cancelled the additional service on member EG0034799 (Nancy) effective today. Can you make sure she is not charged on her account for this add on service of $29.97 on 10/18/15. \n\nWe will be enrolling each child add on separately. When we enroll EG0034798 please charge only $19.97 on 10/18/15. Thank you', 3, 9, '1443566856', '', '2015-09-29 17:17:36'),
(142, 0, '1', 'EG0034800', 'Justin Gilis EG0034800 is the other child add on/ club cleaner helper under Nancy Montroy EG0034799. Please bill only $10 if possible ($29.97-$19.97) on 10/18/15. Thank you.', 3, 9, '1443567061', '', '2015-09-29 17:21:01'),
(143, 0, '1', 'Alex Osovsky EG0021754', '<p>this is showing as a &#34;no join&#34; account</p><p>Member signed a new agreement in April (4/24/15) for the $19/month m2m membership. He signed to pay the $169 initiation fee. this was never processed. that is why account shows as &#34;no join&#34;</p><p><br/></p><p>I tried to process the membership on my end, but this membership package is no longer available to select. Please advise</p>', 5, 8, '1443569112', '', '2015-09-29 17:55:12'),
(144, 0, '1', 'Alex OsovskyEG0023042', '<p>this account needs to be cancelled out. member switched to a different membership option but nothing was ever changed in the system. I have already sent in a ticket about the other account. </p>', 3, 8, '1443569275', '', '2015-09-29 17:57:55'),
(145, 0, '1', 'EG0035173: Rodney Berry', '<p>Member updated payment information on customer''s end on 9/29/15 and the payment was processed successfully. My UI is still showing Inactive Member Status and also on my yellow metrics report. Please advise. Thank you</p>', 3, 9, '1443626962', '', '2015-09-30 09:59:22'),
(146, 0, '1', 'EG0035174:Courtney Berry', '<p>Member updated payment information on customer''s end on 9/29/15 and the payment was processed successfully. My UI is still showing Inactive Member Status and is also on my yellow metrics report. Please advise. Thank you<br/></p>', 3, 9, '1443626992', '', '2015-09-30 09:59:52'),
(147, 1, '3', 'Scott Kalish EG0025337', '<p>please confirm that this member''s prints will be active tomorrow when he comes off freeze?</p>', 0, 8, '1443631473', '', '2015-09-30 11:14:33'),
(148, 0, '1', 'EG0035046', '<p>Member EG0035046 is set to billed 9/30/15 today. I need to credit 6 visits to current bill cycle before payment. Thank you. </p>', 3, 9, '1443709168', '', '2015-10-01 08:49:28'),
(149, 0, '1', 'EG0034630', '<p>Member EG0034630 was set to be cancelled and charged the $200 fee, but we were able to transfer membership over to husband Daryl who is now responsible for the payment on this account. Please remove $200 declined transaction as the account is a Join Active Green. Thank you.</p>', 3, 9, '1443720217', '', '2015-10-01 11:53:37'),
(150, 0, '1', 'Vannessa Hernandez EG0012326', '<p>Vannessa Hernandez EG0012326 cannot register prints in Naperville EcoImpressions. Message indicates &#34;Member Number Already Exists&#34;.</p><p><br/></p><p><br/></p><p>-Chris</p>', 3, 10, '1443726122', '', '2015-10-01 13:32:02'),
(151, 0, '1', 'Jeff Amport EG0015548', '<p>Please refund $59 back to the card on file for Jeff Amport EG0015548. He transferred from Naperville to Plainfield and was charged to start another Flex Membership.</p><p><br/></p><p><br/></p><p>-Chris</p>', 3, 10, '1443726525', '', '2015-10-01 13:38:45'),
(152, 0, '1', 'Scott Kalish EG0025337', '<p>Please take member off freeze. he is back in town and would like to access the club</p>', 3, 8, '1443726876', '', '2015-10-01 13:44:36'),
(153, 0, '1', 'Bunty Oberoi EG0014007', '<p>Please add 1 workout on 9/21 and 1 workout on 9/29</p><p><br/></p><p>-Chris</p>', 3, 10, '1443815821', '', '2015-10-02 14:27:01'),
(154, 0, '1', 'Yong Ju Yoo EG0022829', '<p>As promised to customer, please refund Yong Ju Yoo EG0022829 the Freeze Maintenance Fee of $15.32 back to the card on file and grant Free Membership until 11/21/2016.</p><p><br/></p><p>-Chris</p>', 3, 10, '1443816328', '', '2015-10-02 14:35:28'),
(155, 0, '1', 'EG0035461', '<p>Please cancel add on service effective immediately due to miscommunication on operations side. Thank you</p>', 3, 9, '1443818226', '', '2015-10-02 15:07:06'),
(156, 0, '1', 'EG0035462', '<p>Katie Geving, please cancel add on service effective immediately due to miscommunication on operations side. Thank you.</p>', 3, 9, '1443818281', '', '2015-10-02 15:08:01'),
(157, 0, '2', 'Complimentary Sessions - Payout $0.00', '<p>Deepika,</p><p>Complimentary sessions are still paying out at $0.00 in FMG.</p><p><br/></p><p>Example: </p><p>Trainer: James Zebold</p><p>Client: Cheryl DuBois</p><p>Complimentary sessions are being paid out to the trainer for $0.00</p><p><br/></p><p>Can you please look into this. </p><p>Thanks,</p><p>Maggie</p>', 5, 2, '1444062175', '', '2015-10-05 13:04:44'),
(158, 0, '3', 'Margie Lowry/Lopez EG0024916', '<p>Marjie Lowry in EI (4916) is linked to Margie Lopez in Eco Gym (cancelled account). </p><p><br/></p><p>EG0025075 is the ID number the prints need to be linked to please</p>', 3, 8, '1444064290', '', '2015-10-05 11:28:10'),
(159, 0, '3', 'fernando velazquez  EG0024912', '<p>I have updated the billing for this member and activated his prints. please just make sure they stay active</p>', 3, 8, '1444064469', '', '2015-10-05 11:31:09'),
(160, 0, '1', 'Michael-Stuart RosecransEG0023188', '<p>this member was on a temporary membership in 2014. should not have been reactivated in summer of 2015. charges need to be reversed</p>', 3, 8, '1444064786', '', '2015-10-05 11:36:26'),
(161, 0, '1', 'Gerry O''Connor EG0013349', '<p>Please Freeze Gerry O''Connor''s (EG0013349) membership WITHOUT $15 Freeze charge beginning November 1st, 2015 - May 1st, 2016.</p><p><br/></p><p>Thank you. -Chris</p>', 5, 10, '1444065500', '', '2015-10-05 11:48:20'),
(162, 0, '1', 'EG0035130', '<p>EG0035130 Taylor Zvokel was a child add on option over the summer and was cancelled back in August. System is showing a $19.97 charge on 9/19 and then two refunds. What is the actual billing history for this member so I am able to communicate to her mother on chargers past and present potentially on her account. Thank you</p>', 3, 9, '1444065740', '', '2015-10-05 11:52:20'),
(163, 0, '1', 'Roberto Gutierrez EG0015589', '<p>Please reverse the Cancellation Request forRoberto Gutierrez EG0015589 immediately. Thank you.</p><p><br/></p><p>-Chris</p>', 3, 10, '1444067682', '', '2015-10-05 12:24:42'),
(164, 0, '1', 'Jimmy Xu EG0015488', '<p>Jimmy Xu EG0015488 shows as Pending. Please make him Join Active and Credit Workouts on Sept 26th &amp; 27th, as well as Oct 3rd.  Thank you.</p><p><br/></p><p>-Chris</p>', 3, 10, '1444068051', '', '2015-10-05 12:30:51'),
(165, 0, '3', 'Scott KalishEG0025337', '<p>please credit account 2 workouts. since we have been working on this members prints, his last 2 workouts did not register. due to his freeze/workouts chris set him up with, I am unable to credit him any more</p>', 3, 8, '1444070688', '', '2015-10-05 13:14:48'),
(166, 0, '1', 'Dustin Litorja EG0025062', '<p>hyperbaric charge should not be on account. cancelled in early august.</p>', 3, 8, '1444074074', '', '2015-10-05 14:11:14'),
(167, 0, '3', 'Louis Filipow EG0011216', '<p>Please allow Louis Filipow EG0011216 access to Naperville to track Flex workouts. He joined Naperville, registered his fingerprint in Plainfield. Visit only 3 times in 3 months, and cannot register prints in Naperville to track Flex visits.</p><p><br/></p><p>Please make adjustments and notify me once complete.</p><p><br/></p><p>-Chris</p>', 3, 10, '1444074176', '', '2015-10-05 14:12:56'),
(168, 0, '2', 'Sign-Off 30 minute sessions', '<p>Issue: 30 minute sign-off</p><p><br/></p><p>Trainer: Lisa Collogan</p><p>Client:Holly Kruger  1/2 session at 4:30pm</p><p>Client: Dakota Tholen 1 hour session at 5pm.</p><p>Wouldn''t let Lisa sign off Dakota at 5pm, because the system understood the 4:30pm session would run from 4:30-530pm, but it was only a 30minute session.<br/></p><p><br/></p><p>Please fix and advise.</p><p><br/></p><p>Thanks</p>', 5, 2, '1444074763', '', '2015-10-05 14:22:43'),
(169, 0, '1', 'EG0024693Mitchell, Shandalyn', '<p>member should not be charged. (showing inactive). this is the spouse of one of our employees</p>', 3, 8, '1444075477', '', '2015-10-05 14:34:37'),
(170, 0, '1', 'Lilly ZobermanEG0023584', '<p>please cancel immediately. Matt Newman''s orders. </p>', 3, 8, '1444075546', '', '2015-10-05 14:35:46'),
(171, 0, '1', 'Hamzah Mirza EG0021607', '<p>Please switch membership package to $39 fixed rate. do not charge 1st and last month. just continue billing from now on at $39/month please. member is looking for documentation that he is supposed to be on a custom rate. I told him until he brings me that, this is the best I can do for him.</p>', 5, 8, '1444081889', '', '2015-10-05 16:21:29'),
(172, 0, '3', 'Mike Arnold EG0021865', '<p>I have activated member''s prints. Please just make sure they stay active</p>', 3, 8, '1444149885', '', '2015-10-06 11:14:45');
INSERT INTO `tickets` (`id`, `isQuestion`, `project`, `title`, `description`, `status`, `uid`, `time`, `attachments_id`, `date`) VALUES
(173, 0, '1', 'EG0033965', '<p>I mistakenly put in the wrong amounts for refunds to this member. We were supposed to have refunded him 3 more $49 payments. He is cancelled effective 10/25/15. Please refund this member 3 more $49 payment please. This was my miscommunication to you guys in a previous email a few months back. Thank you</p>', 3, 9, '1444153422', '', '2015-10-06 12:13:42'),
(174, 0, '1', 'Brent Welke EG0022147', '<p>Member is showing on my inactive list. he is supposed to be a complimentary member due to being a PT client. Please explain</p>', 3, 8, '1444153858', '', '2015-10-06 12:20:58'),
(175, 0, '1', 'Shandalyn Mitchell EG0024692', '<p>member is complementary. Why is she showing on my inactive list?</p>', 3, 8, '1444153917', '', '2015-10-06 12:21:57'),
(176, 0, '1', 'EG0035194', '<p>Please return last $30 GTC payment back to member from 10/1/15. She had communicated 30 days in advance to remove it, but I was not able to process request in time. Thank you and I do apologize for this. Thank you.</p>', 3, 9, '1444153941', '', '2015-10-06 12:22:21'),
(177, 0, '1', 'Sharon Gould EG0023932', '<p>this is a duplicate account. Chris G set her up on a new membership $19/month. please cancel this account and delete from inactive list</p>', 3, 8, '1444167301', '', '2015-10-06 16:05:01'),
(178, 0, '1', 'Julie Ford EG0022635', '<p>Please make member active status. this is a complementary member that for some reason we tried to run multiple charges for her in september.</p>', 5, 8, '1444174720', '', '2015-10-06 18:08:40'),
(179, 0, '1', 'Samantha Marchetti EG0035231', '<p>Please add 5 workouts to Samantha Marchetti EG0035231before 10/7/15.</p><p><br/></p><p>-Chris</p>', 5, 10, '1444175978', '', '2015-10-06 18:29:38'),
(180, 0, '1', 'Connor Marchetti EG0035225', '<p>Please add 6 workouts to Connor Marchetti EG0035225 before 10/7/2015.</p><p><br/></p><p>-Chris</p>', 3, 10, '1444176117', '', '2015-10-06 18:31:57'),
(181, 0, '1', 'Jonathan Coros EG0010639', '<p>Please Cancel Jonathan Coros EG0010639 and forgive past due balance due to staff miscommunication.<br/></p><p><br/></p><p>-Chris</p>', 3, 10, '1444185996', '', '2015-10-06 21:16:36'),
(182, 0, '1', 'Sean Seno EG0024445', '<p>I am trying to process a cancelation request for the member, but system will not let me apply his early termination fee. member is fully aware that he has to pay $200. </p><p>for now, I left the cancel request in pending status. please charge $200 early termination fee and finish the cancelation process. thanks</p>', 3, 8, '1444235025', '', '2015-10-07 10:53:45'),
(183, 0, '2', 'Wrong purchase location', '<p>The package below was purchased and created in Anytime Fitness, Wales WI but should have been created and purchased in Anytime Fitness, Beaver Dam. Can you please switch the clients location and match that purchase with the correct club?</p><p><br/></p><p>Client: Heather MacKinnon</p><p>Package Purchased: 6 Month (3 X Week) - 60 Minute Session for $3,528.00</p><p>Thanks,</p><p>Maggie</p>', 6, 2, '1444237820', '', '2015-10-07 11:40:20'),
(184, 0, '1', 'EG0023303 Geoff Hoyles', '<p>member is expired status. please make canceled status so it does not reactivate. we have a cancel form on file. (matt newman request)</p>', 3, 8, '1444248870', '', '2015-10-07 14:44:30'),
(185, 1, '1', 'David Garthrite EG0013769', '<p>Please send login credentials for Eco Gym for David Garthrite EG0013769.</p><p>(Please also attempt to login with those credentials to check if they are valid.) I am unable to help the user.</p><p>-Chris</p>', 0, 10, '1444252200', '', '2015-10-07 15:40:00'),
(186, 0, '1', 'Jeff Knezovich EG0010872', '<p>I moved Jeff Knezovich EG0010872 to Complimentary status as he is a PT client training 4 times a week and was told he has a Complimentary Membership as long as he trains 3 times per week.</p><p>Please forgive the last 2 months of declined membership dues.</p><p><br/></p><p>-Chris</p>', 3, 10, '1444256749', '', '2015-10-07 16:55:49'),
(187, 0, '3', 'grace kim EG0023162', '<p>member is active in eco gym. please make sure prints are active</p>', 3, 8, '1444262624', '', '2015-10-07 18:33:44'),
(188, 0, '1', 'Michael Vitello EG0013420', '<p>Please Expire Michael Vitello EG0013420, as he was a College membership ($149) and should not have been receiving recurring membership charges for (Aug&amp;Sept.)</p><p><br/></p><p>-Chris</p>', 3, 10, '1444322393', '', '2015-10-08 11:09:53'),
(189, 0, '3', 'EG0015625', '<p>Eco Impression email is yahoo.com</p><p>Eco Gym email is .org</p>', 5, 2, '1444338089', '', '2015-10-08 15:31:29'),
(190, 0, '1', 'Andrew Fox EG0015480', '<p>Please Cancel Andrew Fox EG0015480 and forgive past due balance as it was a result of double billing. Please refund $118.97 as he was a 14-Day Guarantee who''s Start Date was Nov 1st, 2015.</p><p><br/></p><p>-Chris</p>', 3, 10, '1444340377', '', '2015-10-08 16:09:37'),
(191, 0, '1', 'Shannon Lukey EG0024106', '<p>member is canceling membership due to relocation (Michigan). I have no way of making sure early termination fees are not applied in this situation. please advise</p>', 3, 8, '1444343063', '', '2015-10-08 16:54:23'),
(192, 0, '2', 'Refund - Please update database and UI in customer account', '<p>7597661808EG001-03261502104534Refund/Pending Settlement08-Oct-2015 15:44:11McShane, MichaelVXXXX4312USD (68.90)-- USD (68.90)<br/></p>', 6, 2, '1444344529', '', '2015-10-08 17:18:49'),
(193, 0, '1', 'Mark McDonald EG0010066', '<p>Please refund Mark McDonald EG0010066 $19.97 for Hyperbaric Therapy. Recurrance was discontinued in August.</p><p><br/></p><p>-Chris</p>', 3, 10, '1444345545', '', '2015-10-08 17:35:45'),
(194, 0, '1', 'EG0034670', '<p>Please cancel this member immediately. I took a cancel form on 9/27/15 for a relocation, but was not able to get the cancel request for the 30 days notice. He should have expired on 10/26/15 and we have taken his $59 last month''s dues already. I will process cancel request today for this member. Thank you</p>', 3, 9, '1444422751', '', '2015-10-09 15:02:31'),
(195, 0, '3', 'Peter Beniaris EG0021608', '<p>member is active. I have activated his prints. please make sure they stay active. thanks</p>', 3, 8, '1444427759', '', '2015-10-09 16:25:59'),
(196, 0, '1', 'Zain Ahsan EG0012448', '<p>Please refund Zain Ahsan EG0012448 $139.94 for incorrect billing as he was a College Student on Freeze. I have Canceled him in Eco Gym. He just needs to be refunded.</p><p><br/></p><p>-Chris</p>', 3, 10, '1444428370', '', '2015-10-09 16:36:10'),
(197, 0, '3', 'Jin Zhang EG0015388', '<p>Workouts do not match for Jin Zhang EG0015388.<br/></p><p>Her Member ID when scanning fingerprint says 2691</p><p>Support in EcoImpressions says her Member ID is 2574...</p><p>I am crediting her a free month. Please advise me as to why this can be an error.</p><p>-Chris</p><p><br/></p>', 5, 10, '1444428538', '', '2015-10-09 16:38:58'),
(198, 0, '1', 'Kieran Rajagopal EG0011782', '<p>Please Cancel Kieran Rajagopal EG0011782 WITHOUT $200 fee and discontinue billing. He is an add-on student that shouldn''t have been billed for Flex Membership.</p><p><br/></p><p>-Chris</p>', 3, 10, '1444428694', '', '2015-10-09 16:41:34'),
(199, 0, '1', 'Monica Agarwal EG0011451', '<p>Please Freeze Monica Agarwal EG0011451 from (10/9/2015 - 2/9/2016) ((Per past agreement with past Manager))</p><p><br/></p><p>-Chris</p>', 3, 10, '1444428943', '', '2015-10-09 16:45:43'),
(200, 0, '1', 'Alex OsovskyEG0023042', '<p>member has been switched to 19/month membership that should have been done months prior. please forgive the declined payments and make active. </p>', 3, 8, '1444674078', '', '2015-10-12 12:51:18'),
(201, 0, '3', 'Alex OsovskyEG0023042', '<p><a href="http://10.1.10.5:8085/VaazuBioMetrics/faces/EnrollmentApplet/member.xhtml?memberId=548" class="c_bl defaultText1 m_b_10 popper" title="Edit">EG0021754</a> this is the ID number we have in Eco Impressions. Please make it match his eco Id in Eco Gym ( EG0023042)<br/></p>', 3, 8, '1444674184', '', '2015-10-12 12:53:04'),
(202, 0, '1', 'Annette BlyakherEG0025228', '<p>please get rid of members flex membership charge for october. I have reviewed emails sent from Chris G and flex charges were supposed to stop. thank you</p>', 3, 8, '1444675127', '', '2015-10-12 13:08:47'),
(203, 0, '1', 'Lina Ezerskyte EG0023852', '<p>this member informed me that she went online to update her billing info for us and she was unable to change the expiration date on her card. please advise on what to do/tell customer</p>', 3, 8, '1444675463', '', '2015-10-12 13:14:23'),
(204, 0, '1', 'Defeng He EG0015633', '<p>Please Edit Defeng He EG0015633. Auto-populate mode created his name as Hernandez. Please change Hernandez to He.  Thank you.</p><p><br/></p><p>-Chris</p>', 3, 10, '1444681346', '', '2015-10-12 14:52:26'),
(205, 0, '3', 'Tu Liang EG0015632', '<p>Attempting to enroll Tu Liang EG0015632. The message &#34;Member Number Already Exist&#34; populates. Tu Liang EG0015632 is a new sign-up member today (10/12/2015).  </p><p><br/></p><p>Please Advise.</p><p><br/></p><p>-Chris</p>', 3, 10, '1444681520', '', '2015-10-12 14:55:20'),
(206, 0, '2', 'Unable tio Sign off Sessions through Immediate Sign-Off Function', '<p>Unable tio Sign off Sessions through Immediate Sign-Off Function.<br/></p><p>- Search Client</p><p>-Select Schedule</p><p>-Click drop-down for &#34;Sessions&#34;</p><p>-Walkin/Immediate Session &#34;Sign-Off Button&#34;</p><p>-Message says there is a problem and that &#34;We''re working on it&#34;</p>', 6, 10, '1444682896', '', '2015-10-12 15:18:16'),
(207, 0, '3', 'Lina EzerskyteEG0023852', '<p>member is now active. i have activated prints. please make sure they stay active. thank you</p>', 3, 8, '1444691803', '', '2015-10-12 17:46:43'),
(208, 0, '1', 'Nathan Kilian EG0011503', '<p>Please move Nathan Kilian EG0011503 to Expired and forgive past due balance.</p><p><br/></p><p>-Chris</p>', 3, 10, '1444705979', '', '2015-10-12 21:42:59'),
(209, 0, '1', 'Younes Ibratik EG0013879', '<p>Please cancel Younes Ibratik EG0013879 and forgive past due balance. Biometric issues led member to join another gym. Workouts were not being tracked accurately, thus leading him to cancel as Eco Gym was not following through on it''s promised membership Flex plan.</p><p><br/></p><p>-Chris</p>', 3, 10, '1444706132', '', '2015-10-12 21:45:32'),
(210, 0, '1', 'Poonam Wadhwani EG0010862', '<p>Please cancel Poonam Wadhwani and forgive past due balance. She was told she had a complimentary membership to drive her mother to her training sessions.</p><p><br/></p><p>-Chris</p>', 3, 10, '1444706367', '', '2015-10-12 21:49:27'),
(211, 0, '1', 'Karl Schmidt EG0011409', '<p>Please move Karl Schmidt EG0011409 to Expired status and forgive past due balance.</p><p><br/></p><p>-Chris</p>', 3, 10, '1444706509', '', '2015-10-12 21:51:49'),
(212, 0, '1', 'Olivia Traynor EG0014110', '<p>Please move Olivia Traynor EG0014110 to Expired status and forgive past due balance.</p><p><br/></p><p>-Chris</p>', 3, 10, '1444706672', '', '2015-10-12 21:54:32'),
(213, 0, '3', 'Rodolfo (Rudy) Puente is EG0015631 & Tu Liang EG0015632.', '<p>Please change Rodolfo (Rudy) Puente to EG0015631 on the back-end of EcoImpressions to allow Tu Liang, EG0015632, to enroll fingerprints.</p><p>Thank you.</p><p><br/></p><p>-Chris</p>', 3, 10, '1444753348', '', '2015-10-13 10:52:28'),
(214, 0, '3', 'Darron  GrottoloEG0024260', '<p>member has updated billing info and paid off declined transaction. I have activated his prints. please make sure they stay active.</p><p><br/></p><p>is it necessary for me to do this? or will prints stay active when I do it?</p>', 5, 8, '1444754720', '', '2015-10-13 11:15:20'),
(215, 0, '1', 'Ryan White EG0012908', '<p>Please mark Ryan White EG0012908 Expired as he claims to have cancelled almost 1 year ago. Please forgive past due balance.</p><p><br/></p><p>-Chris</p>', 3, 10, '1444759728', '', '2015-10-13 12:38:48'),
(216, 0, '1', 'Lisa Sonnenberg EG0015418', '<p>Please reimburse Lisa Sonnenberg EG0015418 $39, as she was supposed to be on a Freeze from Sept-Oct.</p><p><br/></p><p>-Chris</p>', 3, 10, '1444759793', '', '2015-10-13 12:39:53'),
(217, 0, '2', 'Package Cancellations', '<p>Deepika,</p><p>Can you please cancel the following customers custom packages in FMG. I would cancel them out but I need to make sure that they do not receive the cancellation email that is automatically sent to customers when their account is cancelled. There should be no cancellation charge or refund applied to any of the accounts.</p><p>Joni Gonzalez - 12 sessions @ $360.00</p><p>Cory Janus - 12 sessions @ $360.00</p><p>Steve Janus - 12 sessions @ $360.00</p><p>Pranav Ramineni - 12 sessions @ $360.00</p><p>Beth Sutherland - 12 sessions @ $360.00</p><p>Natalie Stone - 12 sessions @ $360.00</p><p>Kevin McKay -12 sessions @ $360.00</p><p>Kerry Zebold - 12 sessions @ $360.00</p><p>Shannon Garrity - 12 sessions @ $360.00</p><p>Christine Adams - 36 sessions @ $1080.00</p><p>Denise Burghoffer - 36 sessions @ $1080.00</p><p>Rita Kaura - 36 sessions @ $1080.00</p><p>Lori Priddy - 12 sessions @ $360.00, 36 sessions @ $1080.00, and 36 sessions @ $1080.00</p><p>Traci Sanford - 36 sessions @ $1080.00</p><p>Stephanie Niggins - 36 sessions @ $1080.00</p><p>Amy Elsen - 36 sessions @ $1080.00</p><p>Brittany Green - 36 sessions @ $1080.00</p><p>Sally Stocchero - 36 sessions @ $1080.00</p><p><br/></p><p>Please let me know if you have any questions.</p><p><br/></p><p>Thanks,</p><p>Maggie</p>', 3, 2, '1444762156', '', '2015-10-13 13:19:16'),
(218, 0, '1', 'EG0034903', '<p>Please look into billing history for member EG0034903 (Alexa Delrose) Seems to have been billed twice on 9/30/15 for $59 (Two flex payments), but there is a 0 workout and a 1 workout registered. Please advise as to why this customer was billed twice on this day. Please refund one $59 if this is an oversight on our end. Thank you.</p>', 3, 9, '1444765915', '', '2015-10-13 14:21:55'),
(219, 0, '1', 'EG0035246', '<p>Member Jackie Chopin purchased 36 sessions and with this purchase, was given complimentary Group Training Classes on her membership. Can you please remove the $30 decline charge on her account and return her to join green active status. Thank you. </p>', 3, 9, '1444767878', '', '2015-10-13 14:54:38'),
(220, 0, '3', 'Annette BlyakherEG0025228', '<p>please make sure prints stay active. member is now active</p>', 3, 8, '1444776925', '', '2015-10-13 17:25:25'),
(221, 0, '3', 'Jay ReilEG0022487', '<p>I have activated prints. please make sure they stay active</p>', 3, 8, '1444776975', '', '2015-10-13 17:26:15'),
(222, 0, '1', 'EG0015639 Kathryn Murphy', '<p>Please switch EG0015639 Kathryn Murphy from complimentary to flex membership. we were unable to process a flex membership with cash down payment, therefore we entered her as complementary to accept cash. Please change her to flex without charging $59 to the card on file. </p><p>thank you, Rob</p>', 5, 13, '1444779759', '', '2015-10-13 18:12:39'),
(223, 0, '1', 'Roberto Gutierrez EG0015589', '<p>Please cancel Roberto Gutierrez EG0015589 without charging $200 early termination fee.</p><p><br/></p><p>-Chris</p>', 3, 10, '1444779910', '', '2015-10-13 18:15:10'),
(224, 1, '1', 'Alex Osovsky EG0023042', '<p>I am in the process of running all his past due payments (have already run a couple), and for some reason, all his credit card info has been erased… pleas advise</p>', 0, 8, '1444848785', '', '2015-10-14 13:23:05'),
(225, 0, '1', 'David Schwarzberg EG0023334', '<p>please ignore 30 day bill policy for this member''s cancel request. he is out of term now and needed to terminate membership due to extreme financial hardship right now</p>', 3, 8, '1444853695', '', '2015-10-14 14:44:55'),
(226, 0, '1', 'Billing', '<p>This is from Phil - I approve.</p><p>Michael,</p><div style="color: rgb(34, 34, 34);background-color: rgb(255, 255, 255);"><br/></div><div style="color: rgb(34, 34, 34);background-color: rgb(255, 255, 255);">Member ID # EG0033966 Victoria Brewton activated on 1/26/15 as a fixed rate m2m member. She was given a 14 day SG from our discount center. Her husband had spoken with Justin Barton in January regarding her not continuing with us. She was refunded four $49 amounts, but I miscommunicated to Vaazu team and she should have had two additional $49 returned back to her. Can you please issue her account a $98 refund for bill dates 2/26/ and 3/26.</div><div style="color: rgb(34, 34, 34);background-color: rgb(255, 255, 255);"><br/></div><div style="color: rgb(34, 34, 34);background-color: rgb(255, 255, 255);">Also, the husband Preston Brewton EG0033965 was billed $19.97 x 2 in August and September and should have not been, due to him being cancelled with 30 days notice on file. He will be joining the club after the first of the year with us as he is moving his business back to Plainfield. I have already put the cancel request in and he will cancel on 10/25/15. Please return the $39.94 to this member as well. </div><div style="color: rgb(34, 34, 34);background-color: rgb(255, 255, 255);"><br/></div><div style="color: rgb(34, 34, 34);background-color: rgb(255, 255, 255);">I will make up this $137.94 by the end of the month easily. I met this gentleman through the Chamber and do not want a bad taste in his mouth. I am trying to pay it forward in a sense. Thank you. </div><div style="color: rgb(34, 34, 34);background-color: rgb(255, 255, 255);"><br/></div><div style="color: rgb(34, 34, 34);background-color: rgb(255, 255, 255);">Please use COF 3975. <br/><div><div dir="ltr"><div><div dir="ltr"><div><br/></div><div>Yours in Eco-Friendly Health,</div></div></div></div></div></div>', 5, 2, '1444861093', '', '2015-10-14 16:48:13'),
(227, 0, '1', 'EG0034951', '<p>Please update email for member ID EG0034951 from dwhitley3@gmail.com to bwhitley3@gmail.com. Thank you</p>', 3, 9, '1444864437', '', '2015-10-14 17:43:57'),
(228, 0, '3', 'Alex Osovsky EG0023042', '<p>member is active in eco gym. I have again had to reactivate his prints on my end. please make sure prints stay active</p>', 6, 8, '1444925859', '', '2015-10-15 10:47:39'),
(229, 0, '1', 'Mathew Pelos EG0025357', '<p>Member canceled his membership last month due to relocation. It was my mistake not entering the cancel request. He was just charged what should have been his final one due to the 30 day bill policy. please make sure member is cancelled with no further billing</p>', 3, 8, '1444927951', '', '2015-10-15 11:22:31'),
(230, 0, '1', 'Mark McDonald EG0010066', '<p>Please Freeze Mark McDonald EG0010066 WITHOUT Freeze charge, beginning 11/8/15 - 2/8/16.</p><p>Unable to perform Freeze request.</p><p>Thank you.</p><p><br/></p><p>-Chris</p>', 5, 10, '1444931508', '', '2015-10-15 12:21:48'),
(231, 0, '1', 'Martin Hayford EG0012242', '<p>Please Cancel Martin Hayford EG0012242 and forgive past due balance. Thank you.</p><p><br/></p><p>-Chris</p>', 6, 10, '1444933585', '', '2015-10-15 12:56:25'),
(232, 0, '1', 'Ashish Vora EG0015406', '<p>Please reimburse Ashish Vora EG0015406 early termination fee of $200 charged in September back to the card on file, as he had provided General Manager with proof of residence for re-location.  Thank you.</p><p><br/></p><p>-Chris</p>', 3, 10, '1444940053', '', '2015-10-15 14:44:13'),
(233, 0, '1', 'Jenny Li', '<p>membership should have not been reactivated and charged $69.97. please refund that amount. </p><p><br/></p><p>moved to Arizona a long time ago</p><p><br/></p><p><br/></p>', 3, 8, '1444943161', '', '2015-10-15 15:36:01'),
(234, 0, '1', 'Angela Li EG0022759', '<p>should not have been charged $69.97 in september or october. please refund 139.94 and cancel account</p><p><br/></p><p>has lived in Arizona last 2 years</p>', 3, 8, '1444943354', '', '2015-10-15 15:39:14'),
(235, 0, '1', 'Blake Green EG0023522', '<p>was on a temporary membership that was indicated on agreement. member was charged $48.97 in august, september, and october. please refund all those months. ($146.91)</p>', 3, 8, '1444944241', '', '2015-10-15 15:54:01'),
(236, 0, '1', 'Ron  Losoya EG0025646', '<p>I am trying to set this member up on a month to month $49 fixed rate with a mini membership and waive his start up fee of $79. this option is not available in my drop down menu to select. please make sure that he does not pay the $79 biometric/security fee. his total down payment should be $98. thank you</p>', 3, 8, '1444953917', '', '2015-10-15 18:35:17'),
(237, 0, '1', 'EG0034771', '<p>Please cancel member ID EG0034771 (Nick Carter). He enrolled as a college member before we had the seasonal options available. He did fill out cancel form on September 12th. </p><p>Please cancel immediately and refund last dues taken totaling $78.97. Thank you. </p>', 3, 9, '1445015147', '', '2015-10-16 11:35:47'),
(238, 0, '3', 'Ron Losoya EG0025646', '<p>member is active in eco gym but I could not take his picture on eco impressions, therefore I am unable to register fingerprints</p>', 6, 8, '1445094092', '', '2015-10-17 09:31:32'),
(239, 0, '1', 'Marc Hunter EG0010945', '<p>Please cancel Marc Hunter EG0010945 as he is a Complimentary member cncelling. Please forgive past due balance from recent club enhancement fee of $29.</p><p><br/></p><p>-Chris</p>', 3, 10, '1445096526', '', '2015-10-17 10:12:06'),
(240, 0, '1', 'Marshall Gerber EG0021825', '<p>member is unable to log on to eco gym website. I have tried helping him log in, and from what I can tell, he is doing everything correctly. please advise</p>', 3, 8, '1445271551', '', '2015-10-19 10:49:11'),
(241, 0, '1', 'Leslie BrownEG0023076', '<p>please forgive the declined transaction of $29 club enhancement fee. this is my mother and she was told she would pay nothing to be a member here (she does not come anyways)</p>', 3, 8, '1445273733', '', '2015-10-19 11:25:33'),
(242, 0, '1', 'Mathew Pelos EG0025357', '<p>member was supposed to be canceled with no further billing. he just saw a club enhancement fee of $29 on his account. please explain</p>', 5, 8, '1445275950', '', '2015-10-19 12:02:30'),
(243, 1, '1', 'Daiva Evans EG0021615', '<p>is there a way to tell when this members cancel request was initially put in? I cannot tell on my end</p>', 0, 8, '1445279636', '', '2015-10-19 13:03:56'),
(244, 0, '1', 'EG0035045', '<p>Member enrolled M2M @ $19 with $90 of Group Training and $168=$297 on 4/29/15. Member was over charged on June 3rd ($30), which was premature for the reoccurring, which should have been 7/29/15 if the service was kept on the account. </p><p> Member wanted to cancel add on service due to over charge on June 3. System still charged 7/29 and 8/29 and 9/29 for some reason, when it had been removed. (data migration maybe??). Please refund only the last two $30 group training payments to customer for over charge on group training. member has been cancelled and will expire on 10/28/15. The $29 club enhancement stays with the club and is owed to us. 30 Days notice was given on 9/25/15. Thank you.</p><p><br/></p><p><br/></p>', 3, 9, '1445285394', '', '2015-10-19 14:39:54'),
(245, 0, '1', 'Beth Kohorn EG0011353', '<p>Please Refund Beth Kohorn EG0011353 ($60) to the card on file. She had cancelled in June and has been over-billed August and September.</p><p>Thank you.</p><p><br/></p><p>-Chris</p>', 3, 10, '1445289013', '', '2015-10-19 15:40:13'),
(246, 0, '1', 'EG0035393', '<p>Member enrolled M2M and came in on 9/8/15 to fill out cancel form on file. Last month''s dues should be 9/24/15 only. Please cancel immediately and remove decline $29 as member gave 30 days notice 9/8/15. I did not realize the club enhancement due was still set to come out automatically on 10/15/15 and did not inform member they would be charged this on the cancel form. My communication error to member. </p><p><br/></p><p> I did not put through cancellation on website, but will today for you guys. My apologies. Member needs to cancel on 10/23/15. Thank you. </p>', 3, 9, '1445289476', '', '2015-10-19 15:47:56'),
(247, 0, '1', 'EG0035469', '<p>Member enrolled as a cash $19.97 child add on (referral from local doctor we work with) Only paid for two months upfront ($39.94) 9/2/15-11/2/15. Member is not responsible for $29 club enhancement fee per my approval. </p><p><br/></p><p>I did not think to inform member on this 10/15 club enhancement fee at the time of sign up. Please remove decline fee as I do not have a CC on file to charge it and make join green active again. Also, please make sure member auto expires on 11/2/15. Thank you.</p>', 1, 9, '1445289767', '', '2015-10-19 15:52:47'),
(248, 0, '1', 'Kyle Rosales EG0014087', '<p>Please credit Kyle Rosales EG0014087, 7 workouts. October (11,12,13,14,16,18,and 19).  Thank you.</p><p><br/></p><p>-Chris</p>', 3, 10, '1445367016', '', '2015-10-20 13:20:16'),
(249, 0, '1', 'Jake Cuvala EG0014097', '<p>Please credit Jake Cuvala EG0014097 in the amount of $30 back to the card on file as biometric system inaccurately tracked his visits. </p><p><span>I am looking into the issue. EcoImpressions and Eco Gym indicates 3 visits between (9/20/15 - 10/19/15). His track-record indicates visiting between 19-28 times each month since joining. He is traditionally billed $0, $19, and $29. This past month was $49.</span><br/></p><p><span><br/></span></p><p><span>Thank you.</span></p><p><span><br/></span></p><p><span>-Chris</span></p>', 3, 10, '1445373348', '', '2015-10-20 15:05:48'),
(250, 0, '3', 'camera issue', '<p>again I am unable to take a picture of a member when I am trying to enroll them. because of this, I cannot save fingerprints. please advise</p>', 3, 8, '1445373485', '', '2015-10-20 15:08:05'),
(251, 0, '1', 'Elizabeth Nestos EG0025661', '<p>member started a 6month complementary membership today (gift certificate). Please make sure that this has an end date 6 months from now. thank you</p>', 3, 8, '1445376808', '', '2015-10-20 16:03:28'),
(252, 0, '1', 'Erica Conway EG0015248', '<p>Please credit Erica Conway EG0015248 $58 to the card on file, as a customer service decision, as she has had trouble logging workouts between new biometric systems in Naperville. (Sept and Oct)</p><p><br/></p><p>-Chris</p>', 3, 10, '1445383324', '', '2015-10-20 17:52:04'),
(253, 0, '1', 'Hours of Operation', '<p>As the hours of operation are accurate for all locations (Glenview, Naperville, and Plainfield) on the website (11am - 7pm Mon -Thurs, Fri 11am - 5pm, Sat/Sun By Appointment Only. The hours of operation when someone registers online for 7-Day Free Trail Pass on Mobile is 6:30am - 8pm Mon-Fri, Sat 9:30am - 3pm (I believe) and Sun - By Appointment Only.</p><p><br/></p><p>Please make the necessary adjustments to the Trial Pass for both Mobile and Web applications for all clubs, (Glenview, Naperville, and Plainfield) (11am - 7pm Mon -Thurs, Fri 11am - 5pm, Sat/Sun By Appointment Only.</p><p>Thank you.</p><p><br/></p><p>-Chris</p>', 5, 10, '1445392361', '', '2015-10-20 20:22:41'),
(254, 0, '1', 'EG0034605', '<p>Kelli Tufo EG0034605 was frozen on 7/17/15 for hip surgery for 30 days. She has decided to come back in and unfreeze her membership.</p><p><br/></p><p>Please activate her Flex membership on 10/21/15, do not bill anything as her next flex bill date will be 11/20/15 based on workouts from previous 30 days. Is this correct? Please advise. Thank you</p>', 3, 9, '1445392942', '', '2015-10-20 20:32:22'),
(255, 0, '1', 'EG0034844', '<p>Karen Espinoza signed her 17 year old daughter up under an 18 month membership. Mother wishes to cancel Flex program. Form filled on with signature on file. Last flex on 10/30/15 and the system for some reason said M2M option? She is on Flex and needs to be charged the early termination fee of $200 on 11/29/15 (effective cancellation date). Thank you. </p>', 3, 9, '1445393783', '', '2015-10-20 20:46:23'),
(256, 0, '1', 'EG0035227', '<p>Membe: <span style="color: black;">EG0035227 Jordyn Screeton</span></p><p>-was in car accident and has fractured foot. Will be on crutches for 2-4 weeks. She is on Flex. Please freeze from 11/8-12/8 and charge $15 for freeze fee. Please reactivate Flex on 12-8. Thank you</p>', 3, 9, '1445449666', '', '2015-10-21 12:17:46'),
(257, 0, '3', 'Julie Ford EG0022635', '<p>for some reason this member has had continuing issues with her prints getting deactivated. I have made sure that anything that is owed to us is paid and   she is in active status in eco gym. I have again reactivated her prints on my end. please make sure they stay active. </p>', 3, 8, '1445535134', '', '2015-10-22 12:02:14'),
(258, 0, '3', 'DJ Arrigo EG0024232', '<p>member is active. i have activated prints. please make sure they stay active</p>', 3, 8, '1445546699', '', '2015-10-22 15:14:59'),
(259, 0, '1', 'EG0035549', '<p>Please make sure member is not billed for $30 group training classes on 11/10/15. 30 days was given before member went out of town, but service was not removed with in 30 days advanced notice. Thank you </p>', 3, 9, '1445553870', '', '2015-10-22 17:14:30'),
(260, 0, '1', 'EG0035550', '<p>Please make sure member is not billed for $30 group training classes on 11/10/15. 30 days was given before member went out of town, but service was not removed with in 30 days advanced notice. <br/></p>', 3, 9, '1445553890', '', '2015-10-22 17:14:50'),
(261, 0, '1', 'EG0033955', '<p>Member is on Flex option and cancellation was put through on 10/23/15. Last Flex on 10/26/15 and $200 should be billed on 11/25/15, but system did not default to this function. Please charge $200 on 11/25/15 when membership cancels. Thank you. </p>', 3, 9, '1445624625', '', '2015-10-23 12:53:45'),
(262, 0, '1', 'Seema Bendre EG0022361', '<p>please ignore past due balance on account and cancel out member. member never intended to join the gym in the first place. I do now have a cancelation form on file though</p>', 3, 8, '1445626951', '', '2015-10-23 13:32:31'),
(263, 0, '1', 'EG0034903', '<p>Member was charge $29 on 10/20/15. I have their bank statement showing this charge. I do not see this $29 charge on member''s account history. Please advise and reverse/refund charge if it was not authorized by member. Thank you </p>', 3, 9, '1445628910', '', '2015-10-23 14:05:10'),
(264, 0, '3', 'EG0014512 Charlie Radeke', '<ul><li>EG0014512 Charlie Radeke.</li><li><span>Member needs 24 visits added to the current pay period (10/01 - 10/31, wherever dates are available). </span></li><li><span>The PIN that he was given by former Naperville staff (2690) is not connected to his account so his workouts were not being tracked. </span></li><li><span>The PIN 2690 is attached to member Tommy Hojinicki (member number ADD4?...). </span></li><li><span>Charlie originally signed up in the Naperville club but registered in EcoImpressions in Plainfield.</span><br/></li><li><span>Please enable Charlie to be tracked at both Naperville and Plainfield for his Flex visits.</span></li></ul><p><br/></p><p>Thank You.</p><p><br/></p><p>-Rob</p>', 3, 13, '1445631654', '', '2015-10-23 14:50:54'),
(265, 0, '2', 'Problem Reactivating Sessions on FMG', '<ul><li>When I go to unexpire a session with client Megan Milano (not paying trainer or charging client session) the site pops up a window and states that FMG is encountering a problem </li><li>This problem also happens with other clients with expired sessions </li></ul><p><br/></p><p>Thanks </p><p><br/></p><p>-Rob</p>', 5, 13, '1445891095', '', '2015-10-26 14:54:55'),
(266, 0, '3', 'EG0011362 Janet LoVerde', '<p>EG0011362 Janet LoVerde<br/></p><ul><li>PIN number can be entered on keypad once but when prompted to re-enter the PIN a second time it will not go through </li><li>PIN is recognized the first time it is entered </li></ul><p><br/></p><p>thanks </p><p><br/></p><p>-Sarah</p><p><br/></p>', 3, 12, '1445891695', '', '2015-10-26 15:04:55'),
(267, 0, '1', 'Charlie Radeke EG0014512', '<ul><li>Charlie Radeke EG0014512<br/></li><li>Member needs 24 visits added to current bill period 10/1-10/31</li><li>member previously had an incorrect pin associated to his account so his workouts for his flex membership did not track to him </li></ul><p><br/></p><p>thanks</p><p><br/></p><p>-rob</p>', 5, 13, '1445943580', '', '2015-10-27 05:29:40'),
(268, 0, '1', 'Faith Buishas EG0014385', '<p>Please add 1 workout on 10/23/15 for Faith Buishas EG0014385</p><p><br/></p><p>Thank you.</p><p><br/></p><p>-Chris</p>', 6, 10, '1445971651', '', '2015-10-27 13:17:31'),
(269, 0, '3', 'Craig Brzezinski EG0015369', '<p>Please give Craig Brzezinski EG0015369 access to Naperville EcoIpmressions. </p><ul><li>He is a Naperville Member who joined Naperville. </li><li>Registered his prints in Plainfield</li><li>Member Number Already Exists</li><li>Cannot access the club in Naperville</li></ul><p>-Chris</p>', 3, 10, '1445971799', '', '2015-10-27 13:19:59'),
(270, 0, '3', 'Tyler Nichols EG0035006', '<p>Please give Tyler Nichols EG0035006 access to Naperville Club to register Flex workouts. He is a Plainfield Member.</p><p><br/></p><p>-Chris</p>', 3, 10, '1445971893', '', '2015-10-27 13:21:33'),
(271, 0, '1', 'EG0033677', '<p>Member joined during discount center for $1 on flex with husband. Member EG0033677 relocated to California back in May. I have proof of new lease agreement, husband still is a member and I have been working with Chris (husband) on closing wife''s account by charging some of the past due amounts on his card. </p><p><br/></p><p>Member EG0033677 is not responsible per my approval for remaining charges. Please cancel immediately and move to cancelled status. Member does not show any club usage at all. I do not want to charge this member further due to husband remaining a good standing member with us. Thank you</p><p><br/></p>', 3, 9, '1445984565', '', '2015-10-27 16:52:45'),
(272, 0, '1', 'EG0034342', '<p>Member EG0034342 was paying for a child add on under hyperbaric therapy due to the system not having a child add on option at the same cost as $19.97 for hyperbaric, we have now activated the son (child add on) for his own $19.97 monthly fee.</p><p><br/></p><p> Please remove $19.97 decline and return member EG0034342 to join active green status for club entry purposes on weekends. thank you</p>', 3, 9, '1445985493', '', '2015-10-27 17:08:13'),
(273, 0, '1', 'David Lee Josupait EG0015588', '<p>Please cancel David Lee Josupait EG0015588 WITHOUT $200 and refund the last $49 and $29 fee back to the card on file. Membership was a 14-Day cancellation and was not processed successfully by staff.  Thank you.</p><p><br/></p><p>-Chris</p><p><br/></p>', 3, 10, '1445988759', '', '2015-10-27 18:02:39'),
(274, 0, '1', 'Roberto Gutierrez EG0015589', '<p>Please refund Roberto Gutierrez EG0015589 $59 back to the card on file as he was a 14-day cancellation.  Thank you.</p><p>-Chris</p>', 6, 10, '1445988836', '', '2015-10-27 18:03:56'),
(275, 0, '1', 'EG0034840', '<p>Member EG0034840 joined using ex-boyfriends Credit Card ending 8978. Please refund the last $59 payment as he was threatening to call the police on Rose (EG0034840), who is still a member with us. </p><p><br/></p><p>She would like to be charged that $59 on card ending 0259. I saw a decline and charged the wrong card on file. Card ending 8978 has been deleted. Thank you. I can re run the charge on the card ending 0259 if I need to. </p>', 3, 9, '1445989044', '', '2015-10-27 18:07:24'),
(276, 0, '1', 'Drew Kulikowski EG0011022', '<p>Please charge Drew Kulikowski EG0011022 an early termination fee of $200.00 as he is canceling today.</p><p><br/></p><p>-Chris</p>', 3, 10, '1446049936', '', '2015-10-28 11:02:16'),
(277, 0, '1', 'Guiliana Bryza EG0035583', '<p>Can you please make Guiliana Bryza EG0035583 a complimentary member in Plainfield, IL?</p><p>Thanks,</p><p>Maggie</p>', 6, 2, '1446050885', '', '2015-10-28 11:18:05'),
(278, 0, '1', 'Jimmy Zebold EG0035584', '<p><title></title></p><p class="p1">Can you please make Jimmy Zebold EG0035584 a complimentary member in Plainfield, IL?</p><p class="p1">Thanks,</p><p class="p1">Maggie</p>', 6, 2, '1446050966', '', '2015-10-28 11:19:26'),
(279, 0, '3', 'Persons using both Naperville and Plainfield', '<p><title></title></p><p class="p1">The below customers are both using Naperville and Plainfield.</p><p class="p1">Can you please add their prints to both directories?</p><p class="p1">Bianca Rivera EG0034922</p><p class="p1">Teague Sullivan EG0035457</p><p class="p1">Thanks,</p><p class="p1">Maggie</p>', 6, 2, '1446051063', '', '2015-10-28 11:21:03'),
(280, 0, '3', 'Client using both Naperville and Plainfield - added to both directories', '<p><title></title></p><p class="p1">Below client is using both Naperville and Plainfield. Can you please enter their prints to both Naperville and Plainfield directories?</p><p class="p1">Ivan Sarabia EG0034230</p><p class="p1"><br/></p><p class="p1">Thanks,</p><p class="p1">Maggie</p>', 6, 2, '1446051144', '', '2015-10-28 11:22:24'),
(281, 0, '1', 'EG0034903 Email sent to Deepika/Michael/Chris on 10/28/15', '<div class="col-sm-12 clearfix ng-binding" style="float: left;width: 1219.44px;color: rgb(51, 51, 51);">EG0034903</div><div class="col-sm-12" style="float: left;width: 1219.44px;color: rgb(51, 51, 51);"><div class="desc ng-binding"><p>Member was charge $29 on 10/20/15. I have their bank statement showing this charge (see email sent to Deepika). I do not see this $29 charge on member''s account history. Please advise and reverse/refund charge if it was not authorized by member. Thank you </p></div></div>', 3, 9, '1446056502', '', '2015-10-28 12:51:42'),
(282, 0, '1', 'Andrew Fox EG0015480', '<p>Please refund Andrew Fox EG0015480 $118.97 to the card ending in 5004. He cancelled the card ending in 8876 prior to canceling and never received the 14-day refund.  Thank you.</p><p><br/></p><p>-Chris</p>', 3, 10, '1446065460', '', '2015-10-28 15:21:00'),
(283, 0, '1', 'Armand Barard EG0024761', '<p>Member is canceling due to relocation back to South Africa. I have processed his cancelation but please make sure that the $200 early termination fee is not applied. I could not remove the charge on my end</p>', 3, 8, '1446135375', '', '2015-10-29 10:46:15'),
(284, 0, '1', 'Ron Losoya EG0025646', '<p><title></title></p><p class="p1">Can you please refund Ron Losoya EG0025646, $79.</p><p class="p1">His recurring payments are the $49 fixed rate month to month will continue as normal.</p><p class="p1">we do not need to cancel account, just refund $79.</p><p class="p1">Thanks,</p><p class="p1">Maggie</p>', 6, 2, '1446135796', '', '2015-10-29 10:53:16'),
(285, 0, '1', 'Brady Nagel EG0025152', '<p>This member was on a college membership over the summer that should not have been set up on a recurring payment of $200 but it was. they saw charges of $200 and $29 in October. a refund needs to be issued for $229 please. </p>', 3, 8, '1446138171', '', '2015-10-29 11:32:51'),
(286, 0, '1', 'EG0035042', '<p>Member was given M2M option on Flex due to a planned pregnancy at the time of sign up. Philip gave the permission on this. Please remove early termination fee of $200. I have already put cancel request through website, but it defaults as it should to a $200 termination fee. Member paid $59 up front already for last month starting 11/28-12/27. Thank you. </p>', 3, 9, '1446143693', '', '2015-10-29 13:04:53'),
(287, 0, '3', 'Shelly Cinnamon EG0035496', '<p>Please grant Shelly Cinnamon EG0035496 (Plainfield Member) access to EcoImpressions in Naperville to use the Naperville Club.</p><p><br/></p><p>-Chris</p>', 6, 10, '1446153306', '', '2015-10-29 15:45:06'),
(288, 0, '1', 'EG0034948', '<p>Cancel form on file with proof of relocation (new lease agreement) to chicago. I have put through cancellation request on website, please remove $200 cancellation fee. Thank you. </p>', 3, 9, '1446223586', '', '2015-10-30 11:16:26'),
(289, 0, '1', 'Adam Pinto EG0025693', '<p>Please make the start date of this members recurring $20 hyperbaric payment start on 1/30/16. I did not change the start date when I processed his membership by mistake. sorry</p>', 3, 8, '1446229516', '', '2015-10-30 12:55:16'),
(290, 0, '3', 'Michael Vassar-Moss EG0034272', '<p>Please enter Michael Vassar-Moss EG0034272 into Naperville EcoImpression to grant access to Naperville Club.  Thank you.</p><p><br/></p><p>-Chris</p>', 6, 10, '1446241082', '', '2015-10-30 16:08:02'),
(291, 0, '1', 'In Sun Yoo EG0022827', '<p>Please issue this member a refund of $15.32 at Chris Gellings approval. thanks</p>', 5, 8, '1446506552', '', '2015-11-02 17:52:32'),
(292, 0, '1', 'Mike Alma EG0014888', '<ul><li>EG0014888 Mike Alma<br/></li><li>Please charge Mike Alma early termination fee of $200</li><li>Please cease all future billing </li></ul><p><br/></p><p>thank you, rob</p>', 1, 13, '1446509832', '', '2015-11-02 18:47:12'),
(293, 0, '1', 'EG0015619 Ryan Kelly', '<ul><li>EG0015619 Ryan Kelly<br/></li><li>Please change members first name to James</li></ul><p>thank you </p><p>rob</p>', 3, 13, '1446516079', '', '2015-11-02 20:31:19'),
(294, 0, '1', 'EG0035403', '<p>Member filled out service removal cancellation from on 10/27/15 for monthly $30 group training, which would have been 30 days notice for her 11/29 bill date. Due to the weekend and myself closing the month out by myself last Friday, was unable to get it in the appropriate time frame. Please make sure there is no further billing. Thank you. </p>', 0, 9, '1446583370', '', '2015-11-03 15:12:50'),
(295, 0, '1', 'EG0034835 Aurora Diaz', '<ul><li>EG0034835 Aurora Diaz member at Plainfield.</li><li>On Flex membership </li><li>Want to transfer membership from Plainfield to the Naperville location </li><li>Please allow her workouts to track from Naperville</li><li>Do I need to do anything or will the automatically track?</li></ul><p><br/></p><p>Thank you,</p><p>Sarah Brown </p>', 0, 12, '1446588570', '', '2015-11-03 16:39:30'),
(296, 0, '1', 'EG0013670 Grant Sullivan', '<ul><li>EG0013670 Grant Sullivan <br/></li><li>Please change members first name from Grant to Sean </li></ul><p><br/></p><p>thank you </p><p>rob</p>', 0, 13, '1446596327', '', '2015-11-03 18:48:47'),
(297, 0, '2', 'Ticket 1 TEst FMG', '<p>FMG Testing TIcket</p>\r\n', 1, 194, '1447152162', '194_1447152161', '2015-11-10 10:42:42');

-- --------------------------------------------------------

--
-- Table structure for table `tickets_s`
--

CREATE TABLE IF NOT EXISTS `tickets_s` (
  `id` int(11) NOT NULL,
  `status_id` int(11) NOT NULL,
  `status_name` varchar(255) NOT NULL,
  `class_name` varchar(255) NOT NULL
) ENGINE=InnoDB AUTO_INCREMENT=7 DEFAULT CHARSET=latin1;

--
-- Dumping data for table `tickets_s`
--

INSERT INTO `tickets_s` (`id`, `status_id`, `status_name`, `class_name`) VALUES
(1, 0, 'Waiting for Approval', 'danger'),
(2, 4, 'Waiting for Approval (Waiting from Initiator)', 'info'),
(3, 1, 'Approved (Waiting from Support)', 'primary'),
(4, 5, 'Approved (Waiting from Initiator)', 'warning'),
(5, 6, 'Completed (Waiting from Initiator)', 'default'),
(6, 3, 'Ticket Closed', 'success');

-- --------------------------------------------------------

--
-- Table structure for table `tickets_status`
--

CREATE TABLE IF NOT EXISTS `tickets_status` (
  `id` int(11) NOT NULL,
  `tid` int(11) NOT NULL,
  `uid` int(11) NOT NULL,
  `status` int(11) NOT NULL COMMENT '0)Waiting for approval, 1)Approved, 2)Waiting for initiator to reply,3)Ticket closed',
  `message` text NOT NULL,
  `attachments_id` varchar(255) NOT NULL,
  `time` varchar(15) NOT NULL,
  `date` timestamp NOT NULL DEFAULT CURRENT_TIMESTAMP
) ENGINE=InnoDB AUTO_INCREMENT=1170 DEFAULT CHARSET=latin1;

--
-- Dumping data for table `tickets_status`
--

INSERT INTO `tickets_status` (`id`, `tid`, `uid`, `status`, `message`, `attachments_id`, `time`, `date`) VALUES
(1, 1, 1, 1, '', '', '1441840424', '2015-09-09 17:43:44'),
(2, 2, 1, 1, 'Approved', '', '1441840725', '2015-09-09 17:48:45'),
(3, 3, 1, 1, 'Approved', '', '1441840897', '2015-09-09 17:51:37'),
(4, 1, 3, 5, 'Member EG0023516, Arsalan Ahmed moved to cancelled status. \nPlease verify and close the ticket.', '', '1441890270', '2015-09-10 07:34:30'),
(5, 3, 4, 6, 'Phil,\n\n Yes, we can enroll member even they are in no join status in Eco Gym, but there access in EI will be in inactive Status after enrolling.\nPlease search with member name and let me know comments', '', '1441890532', '2015-09-10 07:38:52'),
(6, 3, 4, 6, 'Phil,\n  \nWe had moved from EI Status Employee to Member status. please verify and conform us', '', '1441896165', '2015-09-10 09:12:45'),
(7, 2, 4, 6, 'Phil, \n\nWe had moved all above listed from EI Status Employee to Member status. please verify and conform us', '', '1441896446', '2015-09-10 09:17:26'),
(8, 1, 3, 6, 'Please verify and close it.', '', '1441899120', '2015-09-10 10:02:00'),
(9, 1, 8, 3, 'confirmed', '', '1441902863', '2015-09-10 11:04:23'),
(10, 4, 1, 1, 'Approved\n@Support: Please delete the record', '', '1441904915', '2015-09-10 11:38:35'),
(11, 5, 1, 1, 'Approved\n@ Support : Please delete the record', '', '1441904955', '2015-09-10 11:39:15'),
(12, 6, 1, 1, 'Approved\n@Support : Please delete the record', '', '1441906277', '2015-09-10 12:01:17'),
(13, 7, 1, 1, 'Approved\n@Support : Delete the record', '', '1441906519', '2015-09-10 12:05:19'),
(14, 8, 1, 1, 'Approved\n@Support : Delete the record', '', '1441907604', '2015-09-10 12:23:24'),
(15, 9, 1, 1, 'Approved\n@Support : Delete the record', '', '1441907624', '2015-09-10 12:23:44'),
(16, 4, 8, 3, '', '', '1441908645', '2015-09-10 12:40:45'),
(17, 5, 8, 3, '', '', '1441908668', '2015-09-10 12:41:08'),
(18, 11, 1, 1, 'Approved\n@Support : Please provide the reason why this happened', '', '1441909952', '2015-09-10 13:02:32'),
(19, 11, 4, 5, 'Amar,\n In Eco Impression, staff as already enrolled with this member number and same names as in Eco Gym, so again if user try enroll then system will show member already exists message in EI', '', '1441910388', '2015-09-10 13:09:48'),
(20, 2, 9, 3, 'Looks great! Thank you!', '', '1441910796', '2015-09-10 13:16:36'),
(21, 6, 3, 6, 'Deleted the duplicate record, please verify and confirm while closing the ticket.', '', '1441911045', '2015-09-10 13:20:45'),
(22, 7, 3, 6, 'Deleted the duplicate record. Please verify from UI and confirm while closing the ticket.', '', '1441911154', '2015-09-10 13:22:34'),
(23, 8, 3, 6, 'Deleted the duplicate record. Please verify from UI and confirm while closing the ticket.', '', '1441911189', '2015-09-10 13:23:09'),
(24, 11, 1, 5, '@Support : Please update the Eco ID', '', '1441911196', '2015-09-10 13:23:16'),
(25, 9, 3, 6, 'Deleted the duplicate record. Please verify from UI and confirm while closing the ticket.', '', '1441911212', '2015-09-10 13:23:32'),
(26, 6, 8, 3, 'confirmed', '', '1441911218', '2015-09-10 13:23:38'),
(27, 7, 8, 3, 'confirmed', '', '1441911228', '2015-09-10 13:23:48'),
(28, 8, 8, 3, 'confirmed', '', '1441911244', '2015-09-10 13:24:04'),
(29, 9, 8, 3, 'confirmed', '', '1441911254', '2015-09-10 13:24:14'),
(30, 3, 9, 3, 'All set here. Thank you', '', '1441911345', '2015-09-10 13:25:45'),
(31, 11, 3, 5, 'Anthony,\n Can we have a quick call on this ticket. Please let me know your availability.', '', '1441911526', '2015-09-10 13:28:46'),
(32, 12, 1, 4, 'Phil,\n\nWhat is his billing address.', '', '1441912070', '2015-09-10 13:37:50'),
(33, 12, 9, 0, '2200 Dalewood Ct. Plainfield Il 60586', '', '1441912570', '2015-09-10 13:46:10'),
(34, 13, 1, 4, 'Phil,\n\nWhat is the reason of not becoming expiry after 4 months, is this a issue in the system?\nPlease advise.', '', '1441912845', '2015-09-10 13:50:45'),
(35, 12, 1, 1, 'Approved\n@Support : Please change the address', '', '1441912883', '2015-09-10 13:51:23'),
(36, 13, 9, 0, 'According to the Member Details, she is supposed to expire 9/27/15, but system tried to re bill the $200 on 8/27/15. Please see customer payment history on website. Thank you.', '', '1441913069', '2015-09-10 13:54:29'),
(37, 12, 3, 6, 'Please follow below steps to change the address from UI.\n\nGoto the member''s home page.\nGoto Membership Details tab\nEdit the address field and then click on Save.\n\nSystem will automatically update the address of that member. Let me know if any questions on this.', '', '1441913356', '2015-09-10 13:59:16'),
(38, 13, 1, 1, 'Approved\n@Support : Per Phil comments please provide the explanation of why the system is billing so. Please don''t proceed until we find the root cause.', '', '1441913440', '2015-09-10 14:00:40'),
(39, 12, 9, 1, 'I had changed the address and tried to re process. I was given the same mismatch notice. I will speak with member about an alternative form of payment going forward. Thank you.', '', '1441913496', '2015-09-10 14:01:36'),
(40, 12, 1, 5, '@Support : Looks like the address has to be updated in payment gate way.\nPhil,\nPlease hold on, will get back on this.', '', '1441913735', '2015-09-10 14:05:35'),
(41, 12, 3, 6, 'In authorize.net also I see same billing address, please try again now. If it''s not successful then contact member.', '', '1441914810', '2015-09-10 14:23:30'),
(42, 12, 9, 1, 'Same notice again. I will contact member for a new form of payment. Thank you for your efforts team.', '', '1441914935', '2015-09-10 14:25:35'),
(43, 12, 9, 3, '', '', '1441916193', '2015-09-10 14:46:33'),
(44, 14, 2, 1, '', '', '1441918678', '2015-09-10 15:27:58'),
(45, 10, 2, 4, '', '', '1441918731', '2015-09-10 15:28:51'),
(46, 10, 2, 1, 'Please make certain customer is expired and no longer has access.', '', '1441918785', '2015-09-10 15:29:45'),
(47, 10, 3, 6, 'I have processed the refund amount  $150 to the member EG0025262 and moved to Expiry status. Please verify and confirm us by closing the ticket.', '', '1441920497', '2015-09-10 15:58:17'),
(48, 14, 8, 3, 'confirmed', '', '1441920947', '2015-09-10 16:05:47'),
(49, 13, 3, 6, 'It''s previous manual update provided by the manager. Please let me know to move forward.', '', '1441921396', '2015-09-10 16:13:16'),
(50, 13, 2, 1, 'Amar, I think we need to proceed with a refund if it is in fact due. Is there anything I need to complete?', '', '1441921611', '2015-09-10 16:16:51'),
(51, 10, 8, 3, '', '', '1441921787', '2015-09-10 16:19:47'),
(52, 13, 3, 6, 'Member moved to expiry status. Please verify and confirm it by closing the ticket.', '', '1441921965', '2015-09-10 16:22:45'),
(53, 13, 9, 3, 'We do not need to refund anything. Member is paid up for $200 four month membership. She is away at school now. Please just expire member. Thank you again for your efforts on this matter team.', '', '1441922379', '2015-09-10 16:29:39'),
(54, 11, 4, 5, 'Anthony,\n\nMember who is enrolled in one facility can''t get access to the other facility, About the member Louis Filipow was enrolled in Plainfield with EG0011216 and trying to enroll the member in Naperville with same EG0011216 is not possible. And Re-enrolling of a member who is already a member in database with other facilities is also not allowed. \n\nThe multiple facility access of members is still to be updated in application. Then the member can use any gym with single member number.\nPlease have call with Michael.', '', '1441975886', '2015-09-11 07:21:26'),
(55, 15, 2, 1, '', '', '1441989016', '2015-09-11 11:00:16'),
(56, 19, 4, 1, '@ Michael please advise on Dylan Brown question', '', '1441994944', '2015-09-11 12:39:04'),
(57, 15, 3, 6, 'Currently member, EG0033790 is in Freeze Active status. Please verify and confirm by closing the ticket.', '', '1441998149', '2015-09-11 13:32:29'),
(58, 16, 1, 1, '', '', '1441998613', '2015-09-11 13:40:13'),
(59, 16, 3, 6, 'Member, EG0015216 paid $156 ( Initiation fee $97 + Last month due $59) on 6/4/2015 and was in pending status till 9/3/2015, on 9/4/15 system activated the member( join active ) and updated the transaction as $0 , since that member paid all fees and updated next billing date as 10/4/2015.\n\nPlease let me know any questions on this.', '', '1441998677', '2015-09-11 13:41:17'),
(60, 20, 1, 4, '@Dylan : You can do this on your end, please open up a question to support if any questions on how to setup this.', '', '1441998823', '2015-09-11 13:43:43'),
(61, 17, 1, 1, 'Approved', '', '1441998920', '2015-09-11 13:45:20'),
(62, 18, 1, 1, 'Approved', '', '1441998943', '2015-09-11 13:45:43'),
(63, 20, 8, 0, 'I spoke with Chris Gellings about this and he told me that this is something that should be taken care of on your end.', '', '1441999530', '2015-09-11 13:55:30'),
(64, 20, 1, 4, 'Currently system doesn''t support to process the past date memberships.', '', '1442000346', '2015-09-11 14:09:06'),
(65, 20, 8, 0, 'So there is nothing we can do?', '', '1442000553', '2015-09-11 14:12:33'),
(66, 15, 9, 3, 'looks great!', '', '1442001200', '2015-09-11 14:23:20'),
(67, 20, 1, 4, 'Yes Brown, per system design and policies it doesn''t support.', '', '1442001643', '2015-09-11 14:30:43'),
(68, 21, 1, 1, '@Apporved', '', '1442002795', '2015-09-11 14:49:55'),
(69, 22, 1, 1, '@Support : Delete the record', '', '1442003262', '2015-09-11 14:57:42'),
(70, 22, 8, 3, '', '', '1442003504', '2015-09-11 15:01:44'),
(71, 20, 8, 3, '', '', '1442003815', '2015-09-11 15:06:55'),
(72, 23, 1, 1, 'Approved\n@Support : Please make M2M with 0 billing.', '', '1442003994', '2015-09-11 15:09:54'),
(73, 24, 1, 1, 'Approved\n@Support : Please update the comments / reason in the member details since we are refunding.', '', '1442004498', '2015-09-11 15:18:18'),
(74, 25, 1, 1, 'Approved', '', '1442004511', '2015-09-11 15:18:31'),
(75, 25, 3, 6, 'Added 4 workouts to the member EG0014307. Please verify and confirm by closing the ticket.', '', '1442004994', '2015-09-11 15:26:34'),
(76, 25, 7, 3, '', '', '1442005190', '2015-09-11 15:29:50'),
(77, 21, 3, 6, 'Member, EG0015267 is going to cancel on 10/15/2015 with out cancellation charge. Please verify and confirm by closing the ticket. Let me know any questions regarding this.', '', '1442007202', '2015-09-11 16:03:22'),
(78, 21, 7, 3, '', '', '1442007558', '2015-09-11 16:09:18'),
(79, 11, 7, 3, '', '', '1442007569', '2015-09-11 16:09:29'),
(80, 23, 3, 6, 'Changed the membership to complimentary(M2M) and Member, EG0022635 is going to change as complimentary from next billing date - 9/21/2015. Please verify and confirm by closing the ticket. Let me know any questions regarding this.', '', '1442007801', '2015-09-11 16:13:21'),
(81, 27, 1, 1, 'Approved\n@Support : Delete the user', '', '1442009143', '2015-09-11 16:35:43'),
(82, 26, 1, 1, 'Approved', '', '1442009209', '2015-09-11 16:36:49'),
(83, 24, 3, 6, 'Member wasbnot switched from Plainfield to Naperville. In Plainfield, member had a account with EG0034886 as Join-Inactive and in Naperville member has created as Join-Active on 9/10/2015 and paid down payment $59 as last month due. If member wants to transafer from one club to another club, manager/admin can cancel that membership and then transfer to another club. Please let me know if anything need from our end.', '', '1442009248', '2015-09-11 16:37:28'),
(84, 24, 3, 6, 'Please confirm us to cancel the user in Plainfield with $0 cancellation fee.', '', '1442009481', '2015-09-11 16:41:21'),
(85, 26, 3, 6, 'Member EG0015418, will be in freeze from 9/12/2015 to 10/12/2015. Please verify and confirm us.', '', '1442009789', '2015-09-11 16:46:29'),
(86, 27, 8, 3, '', '', '1442249710', '2015-09-14 11:25:10'),
(87, 28, 1, 1, '', '', '1442251584', '2015-09-14 11:56:24'),
(88, 26, 7, 3, '', '', '1442252215', '2015-09-14 12:06:55'),
(89, 24, 7, 1, 'Please cancel Plainfield user', '', '1442252238', '2015-09-14 12:07:18'),
(90, 28, 8, 3, '', '', '1442256218', '2015-09-14 13:13:38'),
(91, 29, 1, 1, 'Approved', '', '1442256268', '2015-09-14 13:14:28'),
(92, 30, 1, 1, '@Support : Please check if there is another user exist and then delete.', '', '1442256334', '2015-09-14 13:15:34'),
(93, 31, 1, 1, '@Support : Please check if there is another user exist and then delete.', '', '1442256487', '2015-09-14 13:18:07'),
(94, 29, 9, 3, 'Thank you', '', '1442258352', '2015-09-14 13:49:12'),
(95, 32, 2, 1, 'Dylan,\n\nWork with Chris Gellings on this. We need to get all customers paying for a membership. There is no way to track when they are done with training, then we miss that we need to bill and they get forgotten. For now it is approved.\n\nThanks\n\nMichael', '', '1442258644', '2015-09-14 13:54:04'),
(96, 33, 2, 1, 'Anthony,\n\nCan you please send the cancellation form, if on file so we can place in the system?\n\nApproved.\n\nThanks\n\nMichael', '', '1442258810', '2015-09-14 13:56:50'),
(97, 33, 7, 1, 'Chris spoke with this member this morning and asked me to send in ticket.  Member now lives in South Dakota and canceled over a year ago with Danny Zebold.  Cancel form was never created.', '', '1442259348', '2015-09-14 14:05:48'),
(98, 32, 8, 3, '', '', '1442259641', '2015-09-14 14:10:41'),
(99, 34, 1, 1, 'Approved : @Support : Please find the root cause.', '', '1442260048', '2015-09-14 14:17:28'),
(100, 35, 1, 1, 'Approved @Support : Please check if there is another user exist and then delete.', '', '1442260799', '2015-09-14 14:29:59'),
(101, 36, 1, 1, 'Approved@Support : Please check if there is another user exist and then delete.', '', '1442261810', '2015-09-14 14:46:50'),
(102, 37, 1, 1, 'Approved@Support : Please check if there is another user exist and then delete.', '', '1442262397', '2015-09-14 14:56:37'),
(103, 24, 3, 6, 'I have cancelled the member, EG0034886. Please verify and confirm while closing the ticket.', '', '1442265697', '2015-09-14 15:51:37'),
(104, 30, 3, 6, 'Deleted the duplicate member, Nikke Gerber-EG0025063. Please verify and confirm it while closing the ticket.', '', '1442266078', '2015-09-14 15:57:58'),
(105, 31, 3, 6, 'Deleted duplivate record of member- EG0025036, Desirey Chamoun. Please verify and confirm it while closing the ticket.', '', '1442266171', '2015-09-14 15:59:31'),
(106, 30, 8, 3, '', '', '1442266905', '2015-09-14 16:11:45'),
(107, 31, 8, 3, '', '', '1442266924', '2015-09-14 16:12:04'),
(108, 24, 7, 3, '', '', '1442267310', '2015-09-14 16:18:30'),
(109, 33, 3, 6, 'I have processed the refund amount of $69.94 ($34.97 X 2) and moved to cancelled status. Please verify and confirm it while closing the ticket.', '', '1442267353', '2015-09-14 16:19:13'),
(110, 34, 3, 5, 'Karly Sachs EG0025150, user created a member with start date of 5/22/2015 and paid  $39.94 as down payment, again system charged on 6/22, 7/22, 8/22 and next billing is on 9/22/2015.\nKarly Sachs EG0025210, user created a member with start date of 6/4/2015 and paid $39.94 as down payment , again system charged on 7/4, 8/4, 9/4 and next billing is on 10/4/2015.\nBoth accounts were created from UI by Manager / staff.\n\nDylan,\nPlease let us know which account needs to be cancelled and refund.', '', '1442325494', '2015-09-15 08:28:14'),
(111, 35, 3, 6, 'Deleted duplicate record of EG0023497 - Vadim Lakhtionov. Please verify from UI and confirm us while closing the ticket.', '', '1442327597', '2015-09-15 09:03:17'),
(112, 36, 3, 6, 'Deleted the duplicate record EG0023386 Chris Thomas. Please verify from UI and confirm us while closing the ticket.', '', '1442327791', '2015-09-15 09:06:31'),
(113, 37, 3, 6, 'Deleted duplicate record EG0023267 Katrina Stolpe. Please verify from UI and confirm us while closing the ticket.', '', '1442328713', '2015-09-15 09:21:53'),
(114, 38, 1, 1, 'Approved', '', '1442329850', '2015-09-15 09:40:50'),
(115, 33, 7, 3, '', '', '1442334221', '2015-09-15 10:53:41'),
(116, 39, 1, 4, 'Anthony,\n\nIs there any reason why this was not updated on the website when the card has been changed.', '', '1442336450', '2015-09-15 11:30:50'),
(117, 39, 7, 0, 'The cc was used for a one time payment, but was never switched back.  Simple mistake.', '', '1442338407', '2015-09-15 12:03:27'),
(118, 39, 1, 1, 'Approved', '', '1442339446', '2015-09-15 12:20:46'),
(119, 38, 4, 5, 'Dylan,\n\n Today EI service as been executed to update inactive list in devices, as members are in inactive status in Eco Gym so system had removed there access in devices.\nPlease find below \nIf member are in below status then will have access in device and there status in EI is Active\n,Join (Active),Complimentary,Cancel Request Pending,Freeze Request Pending,Trial\n\nRegarding mike and your''s access i will check with EI team and get back', '', '1442340072', '2015-09-15 12:31:12'),
(120, 40, 4, 5, 'Michael,\n\n I had updated Email ID in both site [ EG & EI], please process enrollment and let me know if still any issue.', '', '1442341603', '2015-09-15 12:56:43'),
(121, 38, 8, 3, 'I have already reactivated mine and mikes prints', '', '1442343122', '2015-09-15 13:22:02'),
(122, 39, 3, 5, 'Since the payment amount $59 was not settled, I have voided the transaction. And while charging the same amount with the card ending with 8047, transaction has been declined by the system. \nPlease advise.', '', '1442343599', '2015-09-15 13:29:59'),
(123, 37, 8, 3, '', '', '1442346293', '2015-09-15 14:14:53'),
(124, 36, 8, 3, '', '', '1442346333', '2015-09-15 14:15:33'),
(125, 35, 8, 3, '', '', '1442346344', '2015-09-15 14:15:44'),
(126, 41, 1, 1, 'Approved', '', '1442347479', '2015-09-15 14:34:39'),
(127, 34, 8, 1, 'EG0025210 needs to be deleted and refunded. thank you', '', '1442349713', '2015-09-15 15:11:53'),
(128, 23, 8, 3, '', '', '1442349735', '2015-09-15 15:12:15'),
(129, 34, 3, 6, 'I have processed the refund amount of $99.85 (39.94+19.97+19.97+19.97), and moved to cancelled status. Please verify from UI and confirm us while closing the ticket.', '', '1442351705', '2015-09-15 15:45:05'),
(130, 34, 8, 3, '', '', '1442351804', '2015-09-15 15:46:44'),
(131, 43, 1, 1, 'Approved', '', '1442361685', '2015-09-15 18:31:25'),
(132, 42, 3, 1, 'System will collect the cancellation fee on the last day of their membership and will move to cancel status. Please let me know if you have any questions regarding this.', '', '1442412564', '2015-09-16 08:39:24'),
(133, 45, 4, 5, 'Chris,\n System will not delete members having valid information like transaction history and Plan details, Please cancel membership from UI (or) we can apply immediate cancellation and refund last transaction can be done if approved . Please advise...', '', '1442425468', '2015-09-16 12:14:28'),
(134, 46, 4, 1, 'Dylan,\n\n Please provide any one of the member credentials,will look and get back', '', '1442426586', '2015-09-16 12:33:06'),
(135, 46, 8, 0, 'EG0022560 Steve Koenig is one of the members who cannot log on', '', '1442428027', '2015-09-16 12:57:07'),
(136, 49, 1, 1, 'Approved @ Support : Please explain the process as how this will work and Managers can work from the UI.', '', '1442431408', '2015-09-16 13:53:28'),
(137, 47, 1, 1, 'Can you please provide the screen shots, please send Via email.', '', '1442431462', '2015-09-16 13:54:22'),
(138, 48, 10, 1, 'Member has multiple family members still active in Glenview. Past staff did not accommodate cancellation request in a timely fashion resulting in charges unexpected.', '', '1442443503', '2015-09-16 17:15:03'),
(139, 52, 10, 1, '', '', '1442443567', '2015-09-16 17:16:07'),
(140, 51, 10, 4, 'How did she not activate successfully?', '', '1442443622', '2015-09-16 17:17:02'),
(141, 39, 7, 3, '', '', '1442444481', '2015-09-16 17:31:21'),
(142, 51, 1, 1, 'Approved @Support : Please cancel', '', '1442491968', '2015-09-17 06:42:48'),
(143, 53, 1, 1, 'Approved', '', '1442492039', '2015-09-17 06:43:59'),
(144, 53, 3, 5, 'Member EG0035304, is not going to expire on 9/29/2015 since that member is M2M category and not applied for cancellation. Please verify and advise.', '', '1442499513', '2015-09-17 08:48:33'),
(145, 52, 3, 6, 'I have processed the refund of $19 to Bhavin Patel EG0013695. Please verify and confirm us while closing the ticket.', '', '1442500323', '2015-09-17 09:02:03'),
(146, 51, 3, 6, 'Member ID # EG0035038, moved to cancelled status. Please verify and confirm while closing the ticket.', '', '1442501242', '2015-09-17 09:17:22'),
(147, 48, 3, 6, 'I have processed the refund amount of $120 ( 4 months of $30 each ) and member-EG0023986 moved to cancelled status. Please verify and confirm us while closing the ticket.', '', '1442502794', '2015-09-17 09:43:14'),
(148, 44, 3, 5, 'Please provide the below information to the member. \nCan use Cannot Access? link in the website URL "https://www.ecogymworldwide.com", and click on ''Forgot Password'' or ''Forgot Username'' links the provide email id or member number system  automatically will send the mail to them.  After following these steps, still not able to login to their accounts , please let me know.', '', '1442505543', '2015-09-17 10:29:03'),
(149, 48, 8, 1, 'Perfect. thank you', '', '1442506154', '2015-09-17 10:39:14'),
(150, 48, 8, 3, '', '', '1442506157', '2015-09-17 10:39:17'),
(151, 52, 7, 3, '', '', '1442507407', '2015-09-17 11:00:07'),
(152, 47, 8, 0, 'any word on when I will be able to enroll members?', '', '1442507852', '2015-09-17 11:07:32'),
(153, 49, 3, 5, 'Currently system will not support transferring the members in join active status. Need to follow below steps.\nApply Cancellation to that members and after member moved to cancelled status, then click on transfer (should be logged into Naperville club) and from there you can proceed for signup. \nPlease let me know if you have any questions on this.', '', '1442516466', '2015-09-17 13:31:06'),
(154, 42, 8, 2, '', '', '1442518362', '2015-09-17 14:02:42'),
(155, 44, 10, 5, '', '', '1442529795', '2015-09-17 17:13:15'),
(156, 44, 10, 5, 'Deepika,\n\nEnrolled a new member and gave instruction to current member while in the club. Still not working. Login works fine through Admin and Manager function. Member function is the only problem.\n\n-- Chris', '', '1442529872', '2015-09-17 17:14:32'),
(157, 55, 1, 4, 'Can you please let us know who did signed this user, what is the issue, why are we reversing the membership.', '', '1442537977', '2015-09-17 19:29:37'),
(158, 56, 1, 1, 'Approved@Support : Please check why issue occurring, also please confirm this was within 14 day cancellation.', '', '1442538069', '2015-09-17 19:31:09'),
(159, 57, 1, 4, 'Please let us know why this was not cancelled on time.', '', '1442538144', '2015-09-17 19:32:24'),
(160, 58, 1, 4, 'Dylan,\n\nPlease provide the other account that has the right information.', '', '1442538708', '2015-09-17 19:41:48'),
(161, 59, 1, 4, 'Brown,\n\nWhen she cancelled with former staff, you mean she verbally spoke.', '', '1442538877', '2015-09-17 19:44:37'),
(162, 55, 10, 1, 'Summer Membership was created in Eco Gym Software. Total Billing for Summer Membership was $200 PIF Membership. Once entered, Eco Gym System set the PIF membership as recurring. $200 was billed on a recurring basis in September unauthorized.', '', '1442546401', '2015-09-17 21:50:01'),
(163, 59, 8, 0, 'Her and her mother both came in and assured me that they had filled out the proper form with proof of relocation. Unfortunately (this has happened before too) we cannot find it. I had her fill out another form and give me new relocation information so we now have it on file.', '', '1442584293', '2015-09-18 08:21:33'),
(164, 58, 8, 0, 'Joe Jablonski EG0025078.', '', '1442584335', '2015-09-18 08:22:15'),
(165, 59, 1, 1, 'Approved.', '', '1442586927', '2015-09-18 09:05:27'),
(166, 58, 1, 4, 'Brown,\nWhy did user signed up twice, please advise.', '', '1442586989', '2015-09-18 09:06:29'),
(167, 58, 8, 0, 'I think one was for a summer membership he was on for 2014. and then rather than reactivating that account for his summer membership in 2015, a new one was created', '', '1442591662', '2015-09-18 10:24:22'),
(168, 56, 3, 6, 'Regarding J Emery EG0025533, cancellation was processed successfully and his refund was issued and moved to cancelled status. The error message has been occurred may be because of failed transaction of down payment. Currently trying to replicate the same. Please verify and confirm while closing this.', '', '1442591883', '2015-09-18 10:28:03'),
(169, 56, 8, 1, 'On my end, I am seeing that cancel request is still pending and that a refund has not been processed successfully', '', '1442592980', '2015-09-18 10:46:20'),
(170, 57, 7, 0, 'This was supposed to be done during June/July and the person who she dealt with is no longer with us.', '', '1442594231', '2015-09-18 11:07:11'),
(171, 53, 9, 1, 'Member was originally set up on Flex with 14 DAY SG. Member wanted to take advantage of 14 days. I conversed with member and gave her option to move to month to month $49 for 60 days to see if she would continue. Member would like to cancel. I would like to terminate this membership immediately. Member has paid $315 to date and used club less than three total times. Thank you.', '', '1442594533', '2015-09-18 11:12:13'),
(172, 49, 7, 1, 'Phil in Plainfield is canceling these members, but we do not want to charge them the $200 because they are transferring to Naperville.', '', '1442596426', '2015-09-18 11:43:46'),
(173, 57, 1, 1, 'Approved', '', '1442599195', '2015-09-18 12:29:55'),
(174, 57, 7, 3, '', '', '1442599237', '2015-09-18 12:30:37'),
(175, 60, 1, 1, 'Approved\n@Support : Please provide your understanding before doing any changes.', '', '1442599423', '2015-09-18 12:33:43'),
(176, 61, 1, 1, 'Approved\n@Support : please provide your understanding from the system.', '', '1442599555', '2015-09-18 12:35:55'),
(177, 62, 1, 1, 'Approved.', '', '1442599586', '2015-09-18 12:36:26'),
(178, 58, 1, 1, '', '', '1442600515', '2015-09-18 12:51:55'),
(179, 63, 1, 4, 'Anthony,\n\nThis can be done on your end, please arrange a call with support if you are not sure on how to do this.', '', '1442600644', '2015-09-18 12:54:04'),
(180, 62, 4, 6, 'Phil,\n Declined transaction had been removed and moved status to Join active. please conform and close ticket.', '', '1442602466', '2015-09-18 13:24:26'),
(181, 60, 9, 1, 'Are you asking me regarding understanding?', '', '1442602880', '2015-09-18 13:31:20'),
(182, 62, 9, 3, '', '', '1442602913', '2015-09-18 13:31:53'),
(183, 61, 4, 5, 'Phil,\n Please process the sign up registration for both Members ( Select fixed, sign, insert CC) till account summary page, so that from there we can handle for avoiding last month due to collect.', '', '1442602935', '2015-09-18 13:32:15'),
(184, 61, 9, 1, 'Credit Card is in for both members. Please proceed from your end. Thank you.', '', '1442603464', '2015-09-18 13:41:04'),
(185, 59, 3, 6, 'I have processed refund amount of $177($59 X 3) to Marcelina Moczybroda EG0023799 and moved to cancelled status. Please verify from your end and confirm while closing this.', '', '1442603550', '2015-09-18 13:42:30'),
(186, 60, 1, 5, 'Phil,\n\nThe question is for Support team', '', '1442603851', '2015-09-18 13:47:31'),
(187, 56, 3, 6, 'Already taken care of that member, please verify and confirm while closing this.', '', '1442604063', '2015-09-18 13:51:03'),
(188, 58, 3, 5, 'Dylan, we cannot delete the member Joe Jablonski EG0023547, since that member has transaction history and workout records. Please apply cancel from front end and then approve. Immediate cancellation can be done after approval.', '', '1442604291', '2015-09-18 13:54:51'),
(189, 59, 8, 1, 'good', '', '1442609082', '2015-09-18 15:14:42'),
(190, 59, 8, 3, '', '', '1442609122', '2015-09-18 15:15:22'),
(191, 58, 8, 1, 'I have cancelled the account. please proceed as needed', '', '1442609332', '2015-09-18 15:18:52'),
(192, 56, 8, 3, '', '', '1442609355', '2015-09-18 15:19:15'),
(193, 53, 3, 6, 'Member EG0035304, is going to cancel on 9/29/2015 with no further charges. Please verify and confirm us while closing this.', '', '1442609653', '2015-09-18 15:24:13'),
(194, 58, 3, 5, 'Dylan, Please approve cancellation.', '', '1442609887', '2015-09-18 15:28:07'),
(195, 58, 8, 1, 'approved. thanks', '', '1442610421', '2015-09-18 15:37:01'),
(196, 55, 3, 6, 'I have processed the refund amount $200 to Joe Jablonski EG0025078 and membership status moved to cancelled. Please verify and confirm us while closing this ticket.', '', '1442610527', '2015-09-18 15:38:47'),
(197, 58, 3, 6, 'Member - Joe Jablonski EG0023547, moved to cancelled status. Please verify and confirm us while closing the ticket.', '', '1442611135', '2015-09-18 15:48:55'),
(198, 58, 8, 3, '', '', '1442611301', '2015-09-18 15:51:41'),
(199, 67, 1, 1, 'Support,\n\nPlease provide the reason why this member was cancelled, please check your emails.', '', '1442614953', '2015-09-18 16:52:33'),
(200, 68, 1, 1, '@Support, \nPlease provide the reason why this member was cancelled, please check your emails.', '', '1442614986', '2015-09-18 16:53:06'),
(201, 50, 1, 1, '@Support,\n\nPlease take a look and come up with your questions, provide the complete history from the records.', '', '1442615160', '2015-09-18 16:56:00'),
(202, 71, 2, 5, 'Since Member EG0024232 is InActive in ecogym, Fingerprints are deactivated.', '', '1442821934', '2015-09-21 02:22:14'),
(203, 69, 2, 5, 'EG0022010 dylan brown is InActive in ecogym .\n\nEG0023874 Veronica Perez is InActive in ecogym .\n\nEG0024912 Fernando Vezaquez is InActive in ecogym . \n\nNote : InActive in Ecogym means InActive in Membership', '', '1442822929', '2015-09-21 02:38:49'),
(204, 43, 2, 3, 'Done. The Changes.', '', '1442823001', '2015-09-21 02:40:01'),
(205, 61, 4, 6, 'Phil,\n\n I had processed activation to pending status with start date future [09/25/2015] and on same day payment will be collected for each 19.97$.\nPlease review and let us know comments', '', '1442847631', '2015-09-21 09:30:31'),
(206, 68, 4, 6, 'Dylan,\n These are the comments for membership cancellation  ''-Stephanie Uhler requests to cancel her Eco Gym membership  -EG0023447  -Fixed M2M  -Final Billing Date 5/28/2015''   Given by Bill on 5-15-2015 with respective cancelled was been done by System automatically.\n\nIf you want to active membership then please reactivate membership from UI. \nProcess : Clcik on member name--> In dash board you can find sign up menu--> from there its same we do for no Join members.\nLet me know if you have quires.', '', '1442848265', '2015-09-21 09:41:05'),
(207, 67, 4, 6, 'Dylan, \nThese are the comments for membership cancellation "-Niel Uhler requests to cancel his Eco Gym membership  -EG0022128  -Termination Date 5/21/2015  -Begin Date 11/21/2013  -Final Billing Date 5/21/2015" Given by Bill on 5-15-2015 with respective cancelled was been done by System automatically.\nIf you want to active membership then please reactivate membership from UI.  Reactivation process is been mentioned in last ticket.', '', '1442848397', '2015-09-21 09:43:17'),
(208, 64, 4, 6, 'Michael,\n This is been taken care!', '', '1442849028', '2015-09-21 09:53:48'),
(209, 17, 4, 6, 'Michael,\nIn EI & Eco Gym database both status are Same join active,  Recently EI team is running job scheduler to sync Status of Members to Device. previous this was not been take care due to it status show different.\n\nPlease review Status of both after 1pm CST as scheduler execute and sync both database and also devices.', '', '1442849548', '2015-09-21 10:02:28'),
(210, 18, 4, 1, 'Michael,\n\nEI team is working on gobal access to the member, hope Amar and Sudheer had also communicate same.', '', '1442849683', '2015-09-21 10:04:43'),
(211, 41, 4, 6, 'Dylan,\n\nThe Person is yet to be enrolled in Eco Impression. The member_number does not exists in database yet.\nPlease fetch member number and process the enrollment.', '', '1442854796', '2015-09-21 11:29:56'),
(212, 49, 4, 6, 'Anthony,\n Please review with Michael.', '', '1442854924', '2015-09-21 11:32:04'),
(213, 50, 4, 5, 'Phil,\nMembership cancellation will be done on 10/07/2015. As recurring has not stopped for GTC , system is charged 30$, now i had updated amount to 29$ from $59, please collect from UI,\nlet me know if you have quires.', '', '1442855360', '2015-09-21 11:39:20'),
(214, 70, 4, 6, 'Michael,\n I had removed declined payment and also moved to active status in Eco Gym, same will be reflected after 1pm CST in EI and  i had moved recurring bill date to 2016-01-26 member will be charge on same day with respective to workouts for billing cycle.', '', '1442856420', '2015-09-21 11:57:00'),
(215, 72, 4, 1, 'Dylan,\nBill had request for cancellation, and same comments been shared on tickets raised by member number. let me know if you have questions.', '', '1442856623', '2015-09-21 12:00:23'),
(216, 46, 4, 1, 'Dlyan,\n\n Please let me know is this error still occurs for members.', '', '1442856997', '2015-09-21 12:06:37'),
(217, 47, 4, 1, 'Dylan,\n\nEI team had been fixed and deployed, Last Friday.', '', '1442857070', '2015-09-21 12:07:50'),
(218, 54, 4, 1, 'Dylan,\n Due to large data, system will take few min time to get all the data then it will start downloading.\nin next release we will show message like processing, please let me know  report name if still you are facing issue to download', '', '1442857236', '2015-09-21 12:10:36'),
(219, 66, 4, 1, 'Dylan,\n\n Due to data sync with Eco Gym and Eco Impression, this deactivation been done.\n today we have correct all the member status  in database and from tomorrow there will be no issue further accessing.\n\nYour account is been deactivated due to your account was enrolled with EG0022010 ID which account is in cancel status, thought cancell status account is not have access to EI system is deactivation your prints.\n\nWe have requested Staff ID so that we can keep filter to system not to deactivate prints.\nPlease let me know if you have questions', '', '1442857516', '2015-09-21 12:15:16'),
(220, 53, 9, 3, 'Confirmed. Thank you', '', '1442858512', '2015-09-21 12:31:52'),
(221, 61, 9, 3, 'I see pending status set for 9/25/15. Thank you', '', '1442858568', '2015-09-21 12:32:48'),
(222, 55, 8, 3, '', '', '1442859393', '2015-09-21 12:46:33'),
(223, 63, 7, 0, 'Please let me know how to do this on my end', '', '1442860378', '2015-09-21 13:02:58'),
(224, 81, 1, 4, 'Sorry, system doesn''t support, please provide a card.', '', '1442861126', '2015-09-21 13:15:26'),
(225, 79, 1, 4, 'Sorry, system doesn''t support, please provide a card.', '', '1442861156', '2015-09-21 13:15:56'),
(226, 74, 1, 4, 'Sorry, system doesn''t support, please provide a card.', '', '1442861179', '2015-09-21 13:16:19'),
(227, 83, 1, 1, 'Approved', '', '1442861212', '2015-09-21 13:16:52'),
(228, 63, 1, 1, 'Deepa,\n\nPlease arrange a call with Anthony and explain the process.', '', '1442861272', '2015-09-21 13:17:52'),
(229, 82, 9, 0, 'Chris will take care of on user end. My mistake. Thank you', '', '1442862400', '2015-09-21 13:36:40'),
(230, 82, 9, 3, '', '', '1442862403', '2015-09-21 13:36:43'),
(231, 81, 9, 0, 'Chris will take care of on user end. My mistake. Thank you', '', '1442862413', '2015-09-21 13:36:53'),
(232, 81, 9, 3, '', '', '1442862416', '2015-09-21 13:36:56'),
(233, 80, 9, 0, 'Chris will take care of on user end. My mistake. Thank you', '', '1442862426', '2015-09-21 13:37:06'),
(234, 80, 9, 3, '', '', '1442862428', '2015-09-21 13:37:08'),
(235, 79, 9, 0, 'Chris will take care of on user end. My mistake. Thank you', '', '1442862438', '2015-09-21 13:37:18'),
(236, 79, 9, 3, '', '', '1442862441', '2015-09-21 13:37:21'),
(237, 78, 9, 0, 'Chris will take care of on user end. My mistake. Thank you', '', '1442862450', '2015-09-21 13:37:30'),
(238, 78, 9, 3, '', '', '1442862455', '2015-09-21 13:37:35'),
(239, 77, 9, 0, 'Chris will take care of on user end. My mistake. Thank you', '', '1442862466', '2015-09-21 13:37:46'),
(240, 77, 9, 3, '', '', '1442862468', '2015-09-21 13:37:48'),
(241, 76, 9, 0, 'Chris will take care of on user end. My mistake. Thank you', '', '1442862482', '2015-09-21 13:38:02'),
(242, 76, 9, 3, '', '', '1442862485', '2015-09-21 13:38:05'),
(243, 75, 9, 0, 'Chris will take care of on user end. My mistake. Thank you', '', '1442862498', '2015-09-21 13:38:18'),
(244, 75, 9, 3, '', '', '1442862501', '2015-09-21 13:38:21'),
(245, 74, 9, 0, 'Chris will take care of on user end. My mistake. Thank you', '', '1442862511', '2015-09-21 13:38:31'),
(246, 74, 9, 3, '', '', '1442862513', '2015-09-21 13:38:33'),
(247, 50, 9, 1, 'I will be processing this $29 last payment later today. Thank you.', '', '1442863419', '2015-09-21 13:53:39'),
(248, 50, 9, 3, '', '', '1442863422', '2015-09-21 13:53:42'),
(249, 60, 9, 1, 'anything on this?', '', '1442865537', '2015-09-21 14:28:57'),
(250, 83, 3, 5, 'Member EG0015189 had 16 workouts fro the last month (8/1/2015 to 8/31/2015) and system charged $29 on 9/1/2015 based on workouts. And next billing is on 10/1/2015. Please verify and let me know any questions regarding this.', '', '1442873473', '2015-09-21 16:41:13'),
(251, 97, 1, 1, '@Support : Please make m2m with 0 fee.', '', '1442879387', '2015-09-21 18:19:47'),
(252, 96, 1, 1, '@Support : Please provide this reason for 0 cancellation fee.', '', '1442879437', '2015-09-21 18:20:37'),
(253, 95, 1, 1, '@Support : Please provide this reason for 0 cancellation.', '', '1442879477', '2015-09-21 18:21:17'),
(254, 94, 1, 1, '@Support : Please provide this reason for 0 cancellation.', '', '1442879502', '2015-09-21 18:21:42'),
(255, 93, 1, 4, 'Dylan,\n\nPlease provide the reason for forgiving the past due payments.', '', '1442879545', '2015-09-21 18:22:25'),
(256, 92, 1, 1, '@Support : Please provide the complete history before completing the task.', '', '1442879600', '2015-09-21 18:23:20'),
(257, 90, 1, 1, '@Support : Please provide this reason for 0 cancellation.', '', '1442879637', '2015-09-21 18:23:57'),
(258, 89, 1, 1, '@Support : Please provide this reason for 0 cancellation.', '', '1442879655', '2015-09-21 18:24:15'),
(259, 88, 1, 1, '@Support : Please provide the explanation for the card not showing.', '', '1442879707', '2015-09-21 18:25:07'),
(260, 87, 1, 1, 'Approved', '', '1442879802', '2015-09-21 18:26:42'),
(261, 86, 1, 1, '', '', '1442879943', '2015-09-21 18:29:03'),
(262, 85, 1, 4, 'Dylan,\n\nPlease provide the reason for the same.', '', '1442880086', '2015-09-21 18:31:26'),
(263, 84, 1, 4, 'Dylan,\n\nPlease provide the reason for the complementary', '', '1442880125', '2015-09-21 18:32:05'),
(264, 73, 1, 1, 'Deepa / Sandeep,\nPlease provide the history', '', '1442880205', '2015-09-21 18:33:25'),
(265, 98, 1, 4, 'Dylan,\n\nPlease provide the reason for forgiving the balance, as this customer is in inactive status.', '', '1442880309', '2015-09-21 18:35:09'),
(266, 87, 3, 6, 'I have processed the refund amount of $126 (42X3) to Jacqueline CampoEG0022412 and moved to cancelled status. Please verify and confirm us while closing this.', '', '1442887213', '2015-09-21 20:30:13'),
(267, 97, 3, 6, 'Already changed the membership plan to complimentary M2M and will effect from 10/1/2015, system will charge on this day because of previous flex plan. Member moved to active status. Please verify and confirm us while closing this.', '', '1442888927', '2015-09-21 20:58:47'),
(268, 96, 3, 6, 'Member - Nancy Resnick EG0021793 was in M2M category and already applied and approved for cancellation. Now moved to cancelled status. Please verify and update us while closing this.', '', '1442925432', '2015-09-22 07:07:12'),
(269, 95, 3, 6, 'Allan Resnick EG0021792 was in M2M category, because of this system not charged cancellation fee and now moved to cancelled status. Please verify and confirm us while closing this.', '', '1442925628', '2015-09-22 07:10:28'),
(270, 94, 3, 6, 'John Caldwell EG0025261 was signed up  and started on 6/9/2015 and this membership was for 3 months only. Now moving to cancelled status. Please verify and confirm us while closing the ticket.', '', '1442926093', '2015-09-22 07:18:13'),
(271, 90, 3, 6, 'Perviously member was in expired status and moved to active status as per request and now moved to cancelled status. Please verify and confirm us while closing this.', '', '1442927427', '2015-09-22 07:40:27'),
(272, 89, 3, 6, 'Katy Bartling EG0022724 was in expired status and then moved to active as per request. On 9/9/2015 approved for cancellation and now moved to cancelled status. Please verify and confirm us while closing this ticket.', '', '1442927682', '2015-09-22 07:44:42'),
(273, 92, 3, 5, 'Jeff Vadukuncherry EG0023932, Member number and member name are not matching. Please provide the current status of this member and let us know which information you need to update from our end . Then we will provide the steps to perform the action from your end.', '', '1442941135', '2015-09-22 11:28:55'),
(274, 83, 7, 1, 'Please add 2 workouts to this month''s workouts', '', '1442942753', '2015-09-22 11:55:53'),
(275, 88, 3, 5, 'Since the previous card is in Inactive, system showing the current card in recurring products and not populating that information as recurring in payment mothod tab. Please click on save under recurring products and system will display that information under payment method as IsRecurring is Yes. Please let me know any difficulty.', '', '1442942773', '2015-09-22 11:56:13'),
(276, 99, 1, 1, '', '', '1442942960', '2015-09-22 11:59:20'),
(277, 100, 1, 1, '', '', '1442943042', '2015-09-22 12:00:42'),
(278, 83, 3, 6, 'Added 2 workouts to Bianca Donato EG0015189 for this current month. Please verify and close while closing this.', '', '1442945563', '2015-09-22 12:42:43'),
(279, 83, 7, 3, '', '', '1442945722', '2015-09-22 12:45:22'),
(280, 60, 3, 6, 'Switched the membership plan from flex to fixed ($39) with 18 months duration along with GTC and charged remaining amount $19.97 . Please verify and confirm us while closing.', '', '1442945974', '2015-09-22 12:49:34'),
(281, 99, 3, 5, 'Please provide the dates for 5 workouts , then we can insert the workouts from back end.', '', '1442946519', '2015-09-22 12:58:39'),
(282, 100, 3, 5, 'Please provide the workout dates for both members, then it will be easy to handle from our end.', '', '1442946599', '2015-09-22 12:59:59'),
(283, 99, 7, 1, '9/10, 9/11, 9/12, 9/13, 9/14', '', '1442947352', '2015-09-22 13:12:32'),
(284, 100, 7, 1, '9/4, 9/5, 9/6, 9/7, 9/10,9/11, 9/13,9/16,9/18', '', '1442947504', '2015-09-22 13:15:04'),
(285, 99, 3, 6, '<p>Added 5 workouts for the corresponding dates provided. Please verify and confirm us while closing this.</p>', '', '1442951956', '2015-09-22 14:29:16'),
(286, 99, 7, 3, '', '', '1442952034', '2015-09-22 14:30:34'),
(287, 100, 3, 6, '<p>Added the workouts to both members Stanely Miliavski EG0014424 and Guenadi Miliavski EG0014423. Please verify and confirm us while closing the ticket.</p>', '', '1442952983', '2015-09-22 14:46:23'),
(288, 100, 7, 3, '', '', '1442954656', '2015-09-22 15:14:16'),
(289, 98, 8, 0, '<p>Chris G spoke with member. shouldn''t have been charged the payment that was declined</p>', '', '1442958112', '2015-09-22 16:11:52'),
(290, 97, 8, 1, '<p>Whatever we try to charge him, he will not pay. he was told he has a complementary membership</p>', '', '1442958197', '2015-09-22 16:13:17'),
(291, 96, 8, 3, '', '', '1442958223', '2015-09-22 16:13:43'),
(292, 95, 8, 3, '', '', '1442958232', '2015-09-22 16:13:52'),
(293, 94, 8, 3, '', '', '1442958250', '2015-09-22 16:14:10'),
(294, 93, 8, 0, '<p>just following Chris G''s orders</p>', '', '1442958294', '2015-09-22 16:14:54'),
(295, 92, 8, 1, '<p><span id="lblMemberNumber">EG0023647 is Jeff''s member number in eco gym. this membership need to be cancelled out because <span id="lblMemberNumber">EG0025432 has taken over the membership</span></span><br/></p>', '', '1442958454', '2015-09-22 16:17:34'),
(296, 90, 8, 3, '', '', '1442958474', '2015-09-22 16:17:54'),
(297, 89, 8, 3, '', '', '1442958492', '2015-09-22 16:18:12'),
(298, 87, 8, 3, '', '', '1442958503', '2015-09-22 16:18:23'),
(299, 85, 8, 0, '<p>There is email documentation between Chris G and them explaining that Chris told them they would be complementary members</p>', '', '1442958557', '2015-09-22 16:19:17'),
(300, 84, 8, 0, '<p>email documentation that Chris G said they would be complementary members</p>', '', '1442958587', '2015-09-22 16:19:47'),
(301, 98, 1, 1, '', '', '1442960137', '2015-09-22 16:45:37'),
(302, 93, 1, 1, '', '', '1442960178', '2015-09-22 16:46:18'),
(303, 85, 1, 1, '<p>Support,</p><p>Please make m2m with 0 fee.</p>', '', '1442960235', '2015-09-22 16:47:15'),
(304, 84, 1, 1, '', '', '1442960321', '2015-09-22 16:48:41'),
(305, 101, 1, 1, '', '', '1442960364', '2015-09-22 16:49:24'),
(306, 102, 1, 1, '', '', '1442960394', '2015-09-22 16:49:54'),
(307, 103, 1, 1, '', '', '1442962235', '2015-09-22 17:20:35'),
(308, 104, 1, 1, '', '', '1442968700', '2015-09-22 19:08:20'),
(309, 105, 1, 4, '<p>Dylan,</p><p>This member is currently in inactive status(owes 5 month dues) and per the plan member can cancel with 0 termination fee.</p><p>And his termination date is 10/09, after 10/09 member will be on month 2 month. </p><p><br/></p>', '', '1442969158', '2015-09-22 19:15:58'),
(310, 105, 1, 4, '<p>Please revert back after you review</p>', '', '1442969398', '2015-09-22 19:19:58'),
(311, 73, 4, 5, '<p>Phil,</p><p> Member EG0035130 been enrolled on <b>Fixed -19.97 child add</b> <b>on </b>and its is M2M category, due to this member is billing continuously  and no cancel request/approval is been done for this account.</p><p>Where as <span style="color: rgb(51, 51, 51);float: none;background-color: rgb(255, 255, 255);">EG0035131 been enrolled on same plan but M2M had been taken off manually per request. but we did not received any request on EG0035130.</span><br/></p><p>Please conform do you want to cancel membership and refund last two transactions.</p>', '', '1443015055', '2015-09-23 08:00:55'),
(312, 86, 3, 6, '<p>Removed reoccurring child training fees under EG0034443 and applied freeze from 9/26/2015 to 12/26/2015. <br/></p><p>Completed the registartion for her son Kyle has an eco ID # EG0034544, with the start date of 9/26/2015 and system will charge $19.97 on the same day.</p><p>Please verify and confirm while closing this or let me know any questions regarding this.</p>', '', '1443018049', '2015-09-23 08:50:49'),
(313, 84, 3, 6, '<p>Registered the member In Sun YooEG0022827 with complimentary $0 payment and will expire in March 2016.</p><p>Please verify and confirm us while closing this.</p>', '', '1443020370', '2015-09-23 09:29:30'),
(314, 88, 9, 3, 'We are all set here. Thanks.', '', '1443022866', '2015-09-23 10:11:06'),
(315, 92, 3, 5, '<p>Already cancel approved for this member, EG0023647 and is going to charge on 9/27/2015 based on workouts and will cancel on the same day. </p><p>Please verify under ''<b>Other Services</b>'' tab and let me know any questions regarding this.</p>', '', '1443023531', '2015-09-23 10:22:11'),
(316, 105, 8, 0, '<p>we are working wit him.</p><p>rather than charging him all his past dues, he will pay the early termination fee. he relocated and would not renew on a month to month basis.</p>', '', '1443023711', '2015-09-23 10:25:11'),
(317, 93, 3, 5, '<p>Sharon Gould EG0023647, member name and member number are not matching.<br/></p><p>Please provide the correct number. (EG0023647 is Jeff Vadukuncherry)</p>', '', '1443023730', '2015-09-23 10:25:30'),
(318, 92, 8, 1, '<p>just need Jeff''s account to not appear as &#34;inactive&#34;</p>', '', '1443023864', '2015-09-23 10:27:44'),
(319, 93, 8, 1, '<p>EG0023932 and EG0021910 are both showing as inactive accounts for Sharon Gould.<br/></p><p>my apologies for the confusion</p>', '', '1443024039', '2015-09-23 10:30:39'),
(320, 84, 8, 3, '', '', '1443024055', '2015-09-23 10:30:55'),
(321, 97, 3, 6, '<p>Member Brent Welke EG0022147, already in Active status and in complimentary membership. </p><p>Please verify and confirm us.</p>', '', '1443024129', '2015-09-23 10:32:09'),
(322, 105, 1, 4, '<p>Okay so you need to cancel and charge 200 fee, please confirm.<br/></p>', '', '1443025149', '2015-09-23 10:49:09'),
(323, 106, 1, 1, '', '', '1443025210', '2015-09-23 10:50:10'),
(324, 105, 8, 0, '<p>yes. thank you</p>', '', '1443025212', '2015-09-23 10:50:12'),
(325, 49, 7, 3, '', '', '1443025634', '2015-09-23 10:57:14'),
(326, 105, 1, 1, '', '', '1443026690', '2015-09-23 11:14:50'),
(327, 98, 3, 6, '<p>Jan Heuberger EG0022224- moved to cancelled status. Please verify and confirm us while closing this.<br/></p>', '', '1443027379', '2015-09-23 11:26:19'),
(328, 101, 3, 6, '<p>I have processed refund amount $69.97 to Burton KrainEG0021905 and moved to cancelled status.</p><p>Please verify and confirm us while closing this.</p>', '', '1443028722', '2015-09-23 11:48:42'),
(329, 97, 8, 1, '<p>looks right. he was appearing on my inactive list before</p>', '', '1443029106', '2015-09-23 11:55:06'),
(330, 98, 8, 3, '', '', '1443029130', '2015-09-23 11:55:30'),
(331, 101, 8, 3, '', '', '1443029169', '2015-09-23 11:56:09'),
(332, 102, 3, 6, '<p>I have processed the refund amount $90.97 ($42 + $48.97) to Oliver UrregoEG0022935 and moved cancelled status.</p><p>Please verify and confirm us while closing this.</p>', '', '1443029216', '2015-09-23 11:56:56'),
(333, 86, 9, 3, 'All set!', '', '1443029606', '2015-09-23 12:03:26'),
(334, 73, 9, 1, 'Please cancel and refund last two months of dues. Thank you', '', '1443029641', '2015-09-23 12:04:01'),
(335, 107, 1, 1, '', '', '1443030080', '2015-09-23 12:11:20'),
(336, 73, 9, 3, '', '', '1443030290', '2015-09-23 12:14:50'),
(337, 60, 9, 3, 'All set!', '', '1443030343', '2015-09-23 12:15:43'),
(338, 51, 9, 3, 'All set!', '', '1443030370', '2015-09-23 12:16:10'),
(339, 103, 3, 6, '<p>Added 2 workouts to the member Shiv Seth EG0010606. Please verify and confirm while closing this.</p>', '', '1443030988', '2015-09-23 12:26:28'),
(340, 103, 7, 3, '', '', '1443031548', '2015-09-23 12:35:48'),
(341, 104, 3, 6, '<p>Added workouts on 9/5 and 9/7. Please verify and confirm us while closing this.</p>', '', '1443031820', '2015-09-23 12:40:20'),
(342, 104, 7, 3, '', '', '1443032515', '2015-09-23 12:51:55'),
(343, 102, 8, 3, '', '', '1443032523', '2015-09-23 12:52:03'),
(344, 97, 3, 6, '<p>If every thing looks good, please close this ticket.</p>', '', '1443032962', '2015-09-23 12:59:22');
INSERT INTO `tickets_status` (`id`, `tid`, `uid`, `status`, `message`, `attachments_id`, `time`, `date`) VALUES
(345, 106, 3, 6, '<p>I have processed refund amount $150 to Jennifer BohmEG0025263, and moved to cancelled status. </p><p>Please verify and confirm us while closing the ticket.</p>', '', '1443033779', '2015-09-23 13:12:59'),
(346, 106, 8, 3, '', '', '1443034605', '2015-09-23 13:26:45'),
(347, 97, 8, 3, '', '', '1443034620', '2015-09-23 13:27:00'),
(348, 108, 1, 1, '', '', '1443035106', '2015-09-23 13:35:06'),
(349, 109, 1, 1, '', '', '1443035160', '2015-09-23 13:36:00'),
(350, 92, 3, 5, '<p>EG0023647 has declined(failed) payment on 8/27/2015, because of this status is appearing as ''inactive''. Please verify and let us know.<br/></p>', '', '1443036075', '2015-09-23 13:51:15'),
(351, 85, 3, 6, '<p>Member swithed to complimentary M2M category with $0 charge and membership will expire in March 2016. Please verify and confirm us while closing this.</p>', '', '1443037800', '2015-09-23 14:20:00'),
(352, 93, 3, 5, '<p>Sharon Gould has two accounts with different emails? Please confirm on this.<br/></p>', '', '1443038043', '2015-09-23 14:24:03'),
(353, 92, 8, 1, '<p>his wife (member who took over the account) has paid in august and september. shouldn''t that be taking care of Jeff''s declined payment?</p>', '', '1443039142', '2015-09-23 14:42:22'),
(354, 93, 8, 1, '<p>EG0023932 is the account that needs to be in active status</p>', '', '1443039812', '2015-09-23 14:53:32'),
(355, 85, 8, 3, '', '', '1443039835', '2015-09-23 14:53:55'),
(356, 105, 3, 5, '<p>Member Josh Schwartz EG0023823, is going to cancel on 10/9/2015 and system will charge cancellation fee $200 on the same day. </p><p>Please verify and let me know any questions regarding this.</p>', '', '1443045336', '2015-09-23 16:25:36'),
(357, 105, 8, 1, '<p>sounds good to me</p>', '', '1443045999', '2015-09-23 16:36:39'),
(358, 107, 3, 6, '<p>Member EG0013879 , is going to cancel on 10/14/2015 with no charge. Please verify and confirm us while closing this.</p>', '', '1443046038', '2015-09-23 16:37:18'),
(359, 105, 3, 6, '<p>Please close it.</p>', '', '1443046601', '2015-09-23 16:46:41'),
(360, 93, 3, 6, '<p>Updated the status of EG0023932 to Active, please verify and confirm us while closing this.</p>', '', '1443046778', '2015-09-23 16:49:38'),
(361, 105, 8, 3, '', '', '1443047019', '2015-09-23 16:53:39'),
(362, 93, 8, 1, '<p>this account seems good </p>', '', '1443047104', '2015-09-23 16:55:04'),
(363, 107, 7, 3, '', '', '1443051677', '2015-09-23 18:11:17'),
(364, 110, 1, 1, '', '', '1443053556', '2015-09-23 18:42:36'),
(365, 113, 1, 1, '', '', '1443053617', '2015-09-23 18:43:37'),
(366, 114, 1, 1, '', '', '1443053638', '2015-09-23 18:43:58'),
(367, 91, 4, 5, '<p style="color: rgb(51, 51, 51);background-color: rgb(255, 255, 255);">Michael,</p><p style="color: rgb(51, 51, 51);background-color: rgb(255, 255, 255);">Today team had went through system to replicate issue, but issue was not  not any error was thrown by system. </p><p style="color: rgb(51, 51, 51);background-color: rgb(255, 255, 255);">I had worked on screen video capture on SSO for admin login ( client view, trainer view and manager view) and also  separate login as client/ manager/ trainer also been capture. please find below link  for video </p><h5>Note: please use browser for playing video if it was not opened in any of the player</h5><blockquote><p style="color: rgb(51, 51, 51);background-color: rgb(255, 255, 255);"><span style="color: rgb(51, 51, 51);float: none;background-color: rgb(255, 255, 255);">Admin Login<span class="Apple-converted-space"> : https://www.dropbox.com/s/8yabysomox4cm75/Pumpone%20Admin%20view%20SSO%20for%20%28client-trainer-manager%29.mp4?dl=0</span></span></p><p style="color: rgb(51, 51, 51);background-color: rgb(255, 255, 255);"><span style="color: rgb(51, 51, 51);float: none;background-color: rgb(255, 255, 255);"><span class="Apple-converted-space"><span style="color: rgb(51, 51, 51);float: none;background-color: rgb(255, 255, 255);">Client Login  : https://www.dropbox.com/s/53tudswqrotbhlm/pumpone%20client%20login%20sso.mp4?dl=0</span></span></span></p><p style="color: rgb(51, 51, 51);background-color: rgb(255, 255, 255);"><span style="color: rgb(51, 51, 51);float: none;background-color: rgb(255, 255, 255);"><span class="Apple-converted-space"><span style="color: rgb(51, 51, 51);float: none;background-color: rgb(255, 255, 255);">Trainer Login : https://www.dropbox.com/s/gpbs0t6wfotffat/pump%20one%20trainer%20login%20SSO.mp4?dl=0</span></span></span></p><p style="color: rgb(51, 51, 51);background-color: rgb(255, 255, 255);"><span style="color: rgb(51, 51, 51);float: none;background-color: rgb(255, 255, 255);"><span class="Apple-converted-space"><span style="color: rgb(51, 51, 51);float: none;background-color: rgb(255, 255, 255);">Manager Login: https://www.dropbox.com/s/xqdeob7x4nkepqc/pumpone%20sso%20manager%20login.mp4?dl=0</span></span></span></p></blockquote><p style="color: rgb(51, 51, 51);background-color: rgb(255, 255, 255);"><br/></p><p style="color: rgb(51, 51, 51);background-color: rgb(255, 255, 255);"><br/></p>', '', '1443104696', '2015-09-24 08:54:56'),
(368, 91, 4, 5, '<p>Michael, </p><p>Please find links</p><p>Admin Login : <a href="https://www.dropbox.com/s/8yabysomox4cm75/Pumpone%20Admin%20view%20SSO%20for%20%28client-trainer-manager%29.mp4?dl=0" target="">https://www.dropbox.com/s/8yabysomox4cm75/Pumpone%20Admin%20view%20SSO%20for%20%28client-trainer-manager%29.mp4?dl=0</a><br/></p><p>Trainer Login : <a href="https://www.dropbox.com/s/gpbs0t6wfotffat/pump%20one%20trainer%20login%20SSO.mp4?dl=0" target="">https://www.dropbox.com/s/gpbs0t6wfotffat/pump%20one%20trainer%20login%20SSO.mp4?dl=0</a></p><p>Manager Login :<a href="https://www.dropbox.com/s/xqdeob7x4nkepqc/pumpone%20sso%20manager%20login.mp4?dl=0" target="">https://www.dropbox.com/s/xqdeob7x4nkepqc/pumpone%20sso%20manager%20login.mp4?dl=0</a></p><p>Client Login : <a href="https://www.dropbox.com/s/53tudswqrotbhlm/pumpone%20client%20login%20sso.mp4?dl=0" target="">https://www.dropbox.com/s/53tudswqrotbhlm/pumpone%20client%20login%20sso.mp4?dl=0</a></p>', '', '1443104826', '2015-09-24 08:57:06'),
(369, 115, 1, 1, '', '', '1443117273', '2015-09-24 12:24:33'),
(370, 116, 1, 1, '', '', '1443123180', '2015-09-24 14:03:00'),
(371, 108, 3, 5, '<p>Team is working on this, will let you know once we get the updates from them</p>', '', '1443124433', '2015-09-24 14:23:53'),
(372, 109, 3, 6, '<p>I have processed the refund of $69.97 to Brianne Kebler- EG0023215. Please verify and confirm us while closing this.</p>', '', '1443125056', '2015-09-24 14:34:16'),
(373, 110, 3, 5, '<p>Dylan, EI team is working on this as a priority. Will let you know once I get any updates from EI team.</p>', '', '1443125137', '2015-09-24 14:35:37'),
(374, 115, 3, 6, '<p>Added 5 workouts to the account EG0035398. Please verify and confirm us while closing this.</p>', '', '1443126104', '2015-09-24 14:51:44'),
(375, 109, 8, 3, '', '', '1443126281', '2015-09-24 14:54:41'),
(376, 113, 3, 6, '<p>Removed the declined payment record for $19.97. Please verify and confirm us while closing this.</p>', '', '1443126339', '2015-09-24 14:55:39'),
(377, 117, 1, 1, '', '', '1443126399', '2015-09-24 14:56:39'),
(378, 116, 3, 6, '<p>Added 13 workouts to Charlie Radeke EG0014512. Please verify and confirm us while closing this.</p>', '', '1443126853', '2015-09-24 15:04:13'),
(379, 117, 3, 6, '<p>There is no cancellation fee for this member. Please check under <b>Other Services</b> tab, and goto <b>Cancel Request Approved</b> tab.</p><p>System not showing any amount to collect.</p><p><br/></p>', '', '1443127128', '2015-09-24 15:08:48'),
(380, 117, 8, 1, '<p>perfect. just double checking. thank you. will close ticket now</p>', '', '1443127293', '2015-09-24 15:11:33'),
(381, 117, 3, 6, '<p>Okay.</p>', '', '1443127366', '2015-09-24 15:12:46'),
(382, 117, 8, 3, '', '', '1443127386', '2015-09-24 15:13:06'),
(383, 93, 3, 6, '<p>Okay, please close this.</p>', '', '1443127448', '2015-09-24 15:14:08'),
(384, 116, 7, 3, '', '', '1443127630', '2015-09-24 15:17:10'),
(385, 93, 8, 3, '', '', '1443127707', '2015-09-24 15:18:27'),
(386, 115, 9, 3, 'All set!', '', '1443129347', '2015-09-24 15:45:47'),
(387, 110, 8, 1, '<p>ok thanks</p>', '', '1443130063', '2015-09-24 15:57:43'),
(388, 108, 8, 1, '<p>ok thanks</p>', '', '1443130072', '2015-09-24 15:57:52'),
(389, 112, 8, 2, '', '', '1443130879', '2015-09-24 16:11:19'),
(390, 119, 1, 1, '', '', '1443134209', '2015-09-24 17:06:49'),
(391, 120, 1, 1, '', '', '1443134237', '2015-09-24 17:07:17'),
(392, 121, 1, 1, '', '', '1443142219', '2015-09-24 19:20:19'),
(393, 119, 3, 6, '<p>Membership freezed for 1 month to Jorge Ayala EG0015344, freeze will start from 9/26/2015.</p><p>Please verify and confirm while closing this.</p>', '', '1443187871', '2015-09-25 08:01:11'),
(394, 120, 3, 6, '<p>Matt Choi EG0024041, is not going to continue after the term and will expire on 11/26/2015. </p><p>Please verify under recurring products and confirm us while closing this.<br/></p><p><br/></p>', '', '1443188411', '2015-09-25 08:10:11'),
(395, 121, 3, 6, '<p>I have processed the refund amount $150 to Kimberly Hill EG0025302 and moved to cancelled status. </p><p>Please verify and confirm while closing this.</p>', '', '1443189776', '2015-09-25 08:32:56'),
(396, 121, 8, 3, '', '', '1443193546', '2015-09-25 09:35:46'),
(397, 120, 8, 3, '', '', '1443193584', '2015-09-25 09:36:24'),
(398, 119, 7, 3, '', '', '1443198517', '2015-09-25 10:58:37'),
(399, 111, 3, 1, '<p>Can you please provide the member numbers, so that we can check and update you on both accounts.</p>', '', '1443200096', '2015-09-25 11:24:56'),
(400, 111, 8, 0, '<p>EG0022829      EG0022827<br/></p>', '', '1443205528', '2015-09-25 12:55:28'),
(401, 92, 8, 1, '<p>any word? Thanka is actually Jeff''s mother, not husband. </p><p>Jeff is still appearing on my inactive list</p>', '', '1443206639', '2015-09-25 13:13:59'),
(402, 111, 3, 1, '<p>Both member are automatically unfreezed by the system (considering 90 days after freeze start date) and now registered as complimentary membership.</p><p>System is not going to charge for both accounts and both members will terminate on 3/21/2016. </p><p>If you have any further questions regarding this please let me know.</p>', '', '1443208460', '2015-09-25 13:44:20'),
(403, 111, 8, 2, '', '', '1443209383', '2015-09-25 13:59:43'),
(404, 124, 1, 1, '', '', '1443210626', '2015-09-25 14:20:26'),
(405, 125, 1, 1, '', '', '1443210641', '2015-09-25 14:20:41'),
(406, 126, 1, 1, '<p>@Support:</p><p>Please make m2m with 0 fee.<br/></p><p><br/></p>', '', '1443210685', '2015-09-25 14:21:25'),
(407, 127, 1, 1, '', '', '1443212000', '2015-09-25 14:43:20'),
(408, 128, 1, 1, '', '', '1443213555', '2015-09-25 15:09:15'),
(409, 124, 3, 6, '<p>Member Urszula Lewandowski EG0022154 , moved to cancelled status. </p><p>Please verify and confirm while closing this.</p>', '', '1443214517', '2015-09-25 15:25:17'),
(410, 124, 8, 3, '', '', '1443214602', '2015-09-25 15:26:42'),
(411, 125, 3, 6, '<p>Changed the status from expiry to cancelled. Please verify and confirm while closing this.</p>', '', '1443214657', '2015-09-25 15:27:37'),
(412, 126, 3, 5, '<p>Membership plan changed from flex to complimentary (M2M) , this will effect from next billing date 10/21/2015 and system will charge for flex plan based on workouts on the same day.</p><p>There after member Sandy SheagrenEG0021648 will be in complimentary plan.</p><p>Please verify and let me know any questions regarding this.</p>', '', '1443215247', '2015-09-25 15:37:27'),
(413, 127, 3, 6, '<p>Member status moved to cancelled. Please verify and confirm while closing this.</p>', '', '1443215476', '2015-09-25 15:41:16'),
(414, 128, 3, 6, '<p>Added workouts to Kathleen Schmid EG0010370. Please verify and confirm us while closing this.</p>', '', '1443215702', '2015-09-25 15:45:02'),
(415, 127, 7, 3, '', '', '1443215848', '2015-09-25 15:47:28'),
(416, 128, 7, 3, '', '', '1443215858', '2015-09-25 15:47:38'),
(417, 118, 3, 1, '<p>As per the request, member was updated as expiry to inactive status. Now moved to cancelled status.</p><p>Please verify and let me know any further questions.</p>', '', '1443215906', '2015-09-25 15:48:26'),
(418, 92, 3, 6, '<p>Jeff EG0023647 account has been updated as active. Please verify and confirm us while closing this.</p>', '', '1443216296', '2015-09-25 15:54:56'),
(419, 114, 3, 5, '<p>Currently working on this, will update you once resolved.</p>', '', '1443217940', '2015-09-25 16:22:20'),
(420, 125, 8, 3, '', '', '1443220367', '2015-09-25 17:02:47'),
(421, 129, 1, 1, '', '', '1443232924', '2015-09-25 20:32:04'),
(422, 122, 1, 1, '', '', '1443398955', '2015-09-27 18:39:15'),
(423, 129, 3, 5, '<p>Currently EI team is working on this issue, we will let you know once it''s resolved. </p>', '', '1443445202', '2015-09-28 07:30:02'),
(424, 65, 3, 6, '<p>Removed membership policy from guest pages. Please verify and confirm while closing this.</p>', '', '1443445367', '2015-09-28 07:32:47'),
(425, 63, 3, 5, '<p>Anthony, </p><p>Please let me know your availablity to discuss on membership transfers.</p>', '', '1443445441', '2015-09-28 07:34:01'),
(426, 114, 3, 5, '<p>Regarding the Issue on the member finger prints Thanka Vadukumcherry EG0025432, follow below steps and let me know the status.</p><p>1:Please check the number displayed on device screen when the member scans on device  for Example which will show for Eg: Welcome! 1924. and reply to the same ticket</p><p>or</p><p>2: go to member page in Eco-Impression application , Search the member , In result click on the member number now update the finger prints for the member.<br/></p>', '', '1443450709', '2015-09-28 09:01:49'),
(427, 126, 3, 5, '<p>Member will be in complimentary M2M category from 10/21/2015 . If it is for 1 year only , then please provide the membership plan after that ( it''s mandatory to apply).</p>', '', '1443450965', '2015-09-28 09:06:05'),
(428, 113, 9, 3, 'All set!', '', '1443459651', '2015-09-28 11:30:51'),
(429, 123, 9, 0, 'anything on this guys?', '', '1443459678', '2015-09-28 11:31:18'),
(430, 123, 1, 1, '', '', '1443460426', '2015-09-28 11:43:46'),
(431, 130, 1, 1, '', '', '1443460452', '2015-09-28 11:44:12'),
(432, 131, 1, 1, '', '', '1443462598', '2015-09-28 12:19:58'),
(433, 130, 4, 5, '<p>#GeorgeHere : The following member has declined payments, So it has made InActive , I have Activated the member manually . Please change the status in membership table or again the member will be deactivated tomorrow.</p>', '', '1443463587', '2015-09-28 12:36:27'),
(434, 129, 4, 5, '<p>#GeorgeHere : I member is Active now , Please review.</p>', '', '1443463656', '2015-09-28 12:37:36'),
(435, 131, 4, 6, '<p>Phil,</p><p>In Today release to Eco Gym we have job function for reports based on role,  Now i have given access  please re-login, in dash board you will have report link from there you can get into reports section</p><p>let me know if you still not able to access.</p>', '', '1443463891', '2015-09-28 12:41:31'),
(436, 123, 3, 6, '<p>Removed cancellation fee $200 to Member ID EG0035005 and is going to cancel on 11/17/2015. </p><p>Please verify and confirm us while closing this.</p>', '', '1443464075', '2015-09-28 12:44:35'),
(437, 122, 3, 5, '<p>Anthony,</p><p>There is no charge in Ecogym in september month  to refund. If it is in FMG please  chek with Maggie / Michael.</p>', '', '1443464324', '2015-09-28 12:48:44'),
(438, 110, 3, 6, '<p>Terrie StengelEG0021866 is active in EI. Please verify and confirm while  closing this.<br/></p>', '', '1443464619', '2015-09-28 12:53:39'),
(439, 108, 3, 6, '<p>Adil Ali EG0023413 is active in EI, please verify and confirm while closing this.<br/></p>', '', '1443464834', '2015-09-28 12:57:14'),
(440, 123, 9, 3, 'All set!', '', '1443465217', '2015-09-28 13:03:37'),
(441, 131, 9, 1, 'I am able to access now yes. Also, as General Manager, I am compensated on total gross revenue. I would like access to view total Payments YTD. Thank you.', '', '1443465299', '2015-09-28 13:04:59'),
(442, 132, 1, 1, '', '', '1443466213', '2015-09-28 13:20:13'),
(443, 133, 1, 1, '', '', '1443466250', '2015-09-28 13:20:50'),
(444, 130, 8, 1, '<p>What membership table?</p>', '', '1443466505', '2015-09-28 13:25:05'),
(445, 132, 3, 5, '<p>Dylan,</p><p>You can reactivate the expired member by using signup with fixed paln and complete the registration and payment process.</p><p>After that member will be in active status and will continue with that plan.</p><p>Let me know if you have any difficulty while doing this.</p>', '', '1443468319', '2015-09-28 13:55:19'),
(446, 131, 4, 6, '<p>I had given payment YTD  report access now, please verify and conform us</p>', '', '1443468341', '2015-09-28 13:55:41'),
(447, 133, 3, 6, '<p>Dean Adams EG0023383 moved to cancelled status. Please verify and confirm us while closing this.<br/></p>', '', '1443469854', '2015-09-28 14:20:54'),
(448, 133, 8, 3, '', '', '1443470581', '2015-09-28 14:33:01'),
(449, 132, 8, 1, '<p>will that get him tied to a new 18 month contract?</p>', '', '1443470625', '2015-09-28 14:33:45'),
(450, 126, 8, 1, '<p>after the year of complementary is up, have her fall into a $39 fixed rate</p>', '', '1443472019', '2015-09-28 14:56:59'),
(451, 114, 8, 1, '<p>the number that should appear on the device screen is 1924. that is not the number that appears though. do you need the number that does show up?</p>', '', '1443472190', '2015-09-28 14:59:50'),
(452, 110, 8, 3, '', '', '1443472201', '2015-09-28 15:00:01'),
(453, 108, 8, 3, '', '', '1443472212', '2015-09-28 15:00:12'),
(454, 92, 8, 1, '<p>no, this account is supposed to be cancelled. his mother (Thanka) took over the agreement. all payments are up to date</p>', '', '1443472354', '2015-09-28 15:02:34'),
(455, 68, 8, 3, '', '', '1443472420', '2015-09-28 15:03:40'),
(456, 67, 8, 3, '', '', '1443472430', '2015-09-28 15:03:50'),
(457, 132, 3, 5, '<p>Dylan,</p><p>While signup choose Fixed plan and proceed next.</p><p>In Account Summary page, you can choose any category from fixed plan, either 18 months or M2M  and proceed further.</p><p>Please let me know any difficulty.</p>', '', '1443473705', '2015-09-28 15:25:05'),
(458, 92, 3, 6, '<p>Jeff EG0023647 account has been moved to cancelled status. Please verify and confirm.<br/></p>', '', '1443474044', '2015-09-28 15:30:44'),
(459, 132, 8, 1, '<p>I cannot reactivate his membership and have billing just continue at $42/month. </p><p>I can only charge first/last month along with a biometric fee. </p><p>I can do a MM membership plan to waive the biometric fee, but that would no longer be a month to month membership. </p><p>I am trying to just start his billing again how it used to be before he was put on a freeze/his membership expired</p>', '', '1443474763', '2015-09-28 15:42:43'),
(460, 92, 8, 3, '', '', '1443474803', '2015-09-28 15:43:23'),
(461, 135, 1, 1, '', '', '1443481432', '2015-09-28 17:33:52'),
(462, 134, 1, 1, '', '', '1443481453', '2015-09-28 17:34:13'),
(463, 136, 1, 1, '', '', '1443484055', '2015-09-28 18:17:35'),
(464, 114, 2, 5, '<p>#GeorgeHere : Yes i need the number which appears!</p><p><br/></p>', '', '1443530832', '2015-09-29 07:17:12'),
(465, 130, 2, 5, '<p>@Dylan , It was meant for EcoGym support team</p>', '', '1443531015', '2015-09-29 07:20:15'),
(466, 134, 2, 5, '<p>@GeorgeHere :The members status in Ecogym is InActive , So i have no permission to Activate him. Kindly post the request in Ecogym support , If the status is Active , We can Activate the member.</p>', '', '1443531782', '2015-09-29 07:33:02'),
(467, 136, 2, 5, '<p>@GeorgeHere : <span style="color: rgb(51, 51, 51);float: none;background-color: rgb(246, 248, 248);">Jonny Stricker EG0023626 is InActive in Ecogym... And is Activated by managers. Please make sure the status of member before activating.</span></p>', '', '1443532035', '2015-09-29 07:37:15'),
(468, 134, 3, 5, '<p>Dylan,</p><p>Currently member is in cancelled status. System cannot move to active from cancelled status. Please advise.</p>', '', '1443535983', '2015-09-29 08:43:03'),
(469, 136, 3, 6, '<p>Jonny Stricker EG0023626 is in Active status in both Ecogym and EI. </p><p>Please verify and confirm.</p>', '', '1443538449', '2015-09-29 09:24:09'),
(470, 131, 9, 3, 'all set!', '', '1443540593', '2015-09-29 09:59:53'),
(471, 136, 8, 3, '<p>all good</p>', '', '1443542261', '2015-09-29 10:27:41'),
(472, 134, 8, 1, '<p>if he made a payment on 8/30 (freeze payment), shouldn''t he have come off freeze and be active?</p>', '', '1443542509', '2015-09-29 10:31:49'),
(473, 130, 8, 1, '<p>@ Michael, my apologies</p>', '', '1443542581', '2015-09-29 10:33:01'),
(474, 137, 1, 1, '', '', '1443545809', '2015-09-29 11:26:49'),
(475, 134, 3, 5, '<p>After unfreeze the member on 8/30/2015, manually moved the status to cancelled on 9/10/2015 as per the sheet &#34;Glenview_Feeze_Compl-2 (1)&#34;.</p><p>System did not charge on 9/22/2015 since that member in cancelled status, if that member wants to access the club, system need to charge $42 for this month and member will be active till 10/22/2015.</p><p>Please let me know to move forward.</p>', '', '1443546920', '2015-09-29 11:45:20'),
(476, 135, 3, 6, '<p>Phil,</p><p>I had applied the cancellation for both members. Members Rob &amp; Lisa Whitley EG0034951/EG0034952 are going to cancel on 10/20/2015 .</p><p>After that you can reactivate those members on 12/20/2015 with 19.97/month plan.</p><p>Please verify and confirm us.</p>', '', '1443547656', '2015-09-29 11:57:36'),
(477, 135, 9, 3, 'Looks Great! Thank you!', '', '1443547806', '2015-09-29 12:00:06'),
(478, 130, 3, 6, '<p>We have removed payment declined transactions and moved to active status in both Ecogym and EI.</p><p>Please verify and confirm while closing this.</p>', '', '1443548078', '2015-09-29 12:04:38'),
(479, 130, 8, 3, '', '', '1443549129', '2015-09-29 12:22:09'),
(480, 134, 8, 1, '<p>I will follow up after I speak with the member</p>', '', '1443549470', '2015-09-29 12:27:50'),
(481, 138, 1, 1, '', '', '1443550082', '2015-09-29 12:38:02'),
(482, 139, 1, 1, '', '', '1443550112', '2015-09-29 12:38:32'),
(483, 140, 1, 1, '', '', '1443550128', '2015-09-29 12:38:48'),
(484, 132, 3, 6, '<p>Dylan,</p><p>I have reactivated the member, John FelagellerEG0021930 with fixed $42/month and with 18 months duration.</p><p>Please verify and confirm us while closing this.</p><p><br/></p>', '', '1443550165', '2015-09-29 12:39:25'),
(485, 134, 3, 5, '<p>Sure, please let us know the updates.</p>', '', '1443550218', '2015-09-29 12:40:18'),
(486, 138, 3, 5, '<p>Please provide the workout dates.</p>', '', '1443551123', '2015-09-29 12:55:23'),
(487, 139, 3, 5, '<p>Please provide the workout dates.</p>', '', '1443551175', '2015-09-29 12:56:15'),
(488, 132, 8, 1, '<p>needs to be month to month. not 18 month</p>', '', '1443551176', '2015-09-29 12:56:16'),
(489, 140, 3, 5, '<p>Please provide the workout dates.</p>', '', '1443551201', '2015-09-29 12:56:41'),
(490, 139, 9, 1, '9/10, 9/12, 9/14, 9/15, 9/16. Thank you.', '', '1443552675', '2015-09-29 13:21:15'),
(491, 140, 9, 1, '9/10, 9/12, 9/14, 9/15, 9/16. Thank you', '', '1443552714', '2015-09-29 13:21:54'),
(492, 138, 9, 1, '9/1, 9/2, 9/4, 9/6, 9/8, 9/9, 9/11, 9/13, 9/14, 9/15. Thank you.', '', '1443552799', '2015-09-29 13:23:19'),
(493, 137, 4, 6, '<p>Phil,</p><p> Yes, this was been done manual mistake due to profile migration ,new payment profile was not been mapped as because of old recurring set profile was not listed in given authorize spreed sheet, so while recurring payment it was not updated with amount value , i had done update to amount, instead of 29 it was 49 entered.</p><p> Now i had corrected, please verify and conform us.</p>', '', '1443554113', '2015-09-29 13:45:13'),
(494, 137, 9, 3, 'all set, I will collect past dues. Thank you', '', '1443554447', '2015-09-29 13:50:47'),
(495, 138, 3, 6, '<p>Added workouts. Please verify and confirm us while closing this.</p>', '', '1443555862', '2015-09-29 14:14:22'),
(496, 138, 9, 3, 'all set! Thank you', '', '1443555910', '2015-09-29 14:15:10'),
(497, 139, 3, 6, '<p>Added workouts. Please verify and confirm us while closing this.</p>', '', '1443556219', '2015-09-29 14:20:19'),
(498, 140, 3, 6, '<p>Added workouts. Please verify and confirm us while closing this.<br/></p>', '', '1443556408', '2015-09-29 14:23:28'),
(499, 140, 9, 3, 'all set! thank you', '', '1443556496', '2015-09-29 14:24:56'),
(500, 139, 9, 3, 'all set! thank you', '', '1443556511', '2015-09-29 14:25:11'),
(501, 114, 8, 1, '<p>The number that actually appears on the device when she scans is 1923</p>', '', '1443565204', '2015-09-29 16:50:04'),
(502, 141, 1, 1, '', '', '1443569020', '2015-09-29 17:53:40'),
(503, 142, 1, 1, '<p>@Support : Please get the details and let us know if this is handled correctly</p>', '', '1443569077', '2015-09-29 17:54:37'),
(504, 143, 1, 1, '<p>@Support : Please get back</p>', '', '1443569204', '2015-09-29 17:56:44'),
(505, 144, 1, 1, '<p>@Support : Please get back with the complete details</p>', '', '1443569627', '2015-09-29 18:03:47'),
(506, 114, 11, 5, '<p>I have re-synced the member, From here after she will not be facing the issue. @Dylan please verify the number today. When she scans and post the number on screen. </p>', '', '1443617461', '2015-09-30 07:21:01'),
(507, 129, 11, 6, '', '', '1443626010', '2015-09-30 09:43:30'),
(508, 141, 3, 6, '<p>Updated the end date of addon service of EG0034799 as 10/18/2015, system is not going to charge $29.97 on this day. </p><p>And you can enroll seperately for EG0034798.</p><p>Please verify and confirm us.</p>', '', '1443626969', '2015-09-30 09:59:29'),
(509, 141, 9, 3, '<p>Thank you. </p>', '', '1443627030', '2015-09-30 10:00:30'),
(510, 142, 3, 5, '<p>Justin Gilis EG0034800 is in nojoin status, need to enroll the member with any available category or can create a new category to bill $10  ($29.97-$19.97) only / month.<br/></p><p>Please contact admin to create new category for this member.</p>', '', '1443627180', '2015-09-30 10:03:00'),
(511, 143, 3, 5, '<p>If that selected category is in Inactive status, it will not available while signup process.</p><p>Please contact admin to activate the in-active category.</p>', '', '1443627431', '2015-09-30 10:07:11'),
(512, 145, 1, 1, '', '', '1443627751', '2015-09-30 10:12:31'),
(513, 146, 1, 1, '', '', '1443627766', '2015-09-30 10:12:46'),
(514, 145, 3, 5, '<p>Member still have one declined payment on 8/28/2015. </p><p>Please check under Account History and let me know any questions.</p>', '', '1443628430', '2015-09-30 10:23:50'),
(515, 146, 3, 5, '<p>Member still have one declined payment on 8/28/2015. </p><p>Please check under Account History and let me know any further questions.</p>', '', '1443628538', '2015-09-30 10:25:38'),
(516, 145, 9, 1, '<p>ran other payment. All set. </p>', '', '1443629037', '2015-09-30 10:33:57'),
(517, 146, 9, 1, '<p> all set</p>', '', '1443629214', '2015-09-30 10:36:54'),
(518, 145, 3, 6, '<p>Please close this. Thankyou for the update.</p>', '', '1443629366', '2015-09-30 10:39:26'),
(519, 146, 3, 6, '<p>Please close this. Thankyou for the update.<br/></p>', '', '1443629382', '2015-09-30 10:39:42'),
(520, 129, 8, 3, '', '', '1443630161', '2015-09-30 10:52:41'),
(521, 134, 8, 1, '<p>I have a note from the member with Michael Benso''s signature on it. I am waiting to hear back from Michael to discuss</p>', '', '1443633054', '2015-09-30 11:40:54'),
(522, 134, 3, 5, '<p>Thank you for the update and please let us know after your discussions.</p>', '', '1443633355', '2015-09-30 11:45:55'),
(523, 143, 8, 1, '<p>Is this for me? I am confused. sorry</p>', '', '1443636835', '2015-09-30 12:43:55'),
(524, 143, 3, 5, '<p>Dylan,</p><p>If you want to signup the member with $19/month m2m membership, please contact admin to active that category , then only it will be available to use while signup or can use any available membership nearest to $19.</p><p>Let me know if any queries.</p><p><br/></p>', '', '1443637920', '2015-09-30 13:02:00'),
(525, 144, 3, 5, '<p>Dylan,</p><p>Please apply cancel from your end then system will cancel that member by considering 30days billing period.</p><p>NOTE: If any declined payment, system will allow you to raise cancel request.</p><p><br/></p><p>As you mentioned above, member Alex OsovskyEG0023042 switched to another membership, but there is no record for change plan.</p><p><br/></p><p>In the ticket 143 as you mentioned no join status of Alex Osovsky EG0021754 and EG0023042 both accounts are for the same member. </p><p>Instead of cancellation for EG0023042, You can switch the membership plan by using <b>Change Plan</b> option under <b>Other Services</b> tab.</p><p><br/></p><p>Please contact Michael if you want to proceed further for cancellation and let me know any queries.</p>', '', '1443642322', '2015-09-30 14:15:22'),
(526, 132, 3, 5, '<p>Dylan,</p><p>As per our conversation &#34;will that get him tied to a new 18 month contract?&#34;, member registered with duration 18 months. </p><p><br/></p><p>Please verify and confirm us.</p>', '', '1443642481', '2015-09-30 14:18:01'),
(527, 134, 8, 1, '<p>Please charge member $42 for the month of sept.15-oct.15. then put membership account on freeze until March 1 2015.</p><p><br/></p><p>approved by michael benso</p>', '', '1443645461', '2015-09-30 15:07:41'),
(528, 144, 8, 1, '<p>after I change the package, and I click on &#34;proceed&#34; nothing is happening. please advise</p>', '', '1443647652', '2015-09-30 15:44:12'),
(529, 132, 8, 1, '<p>member has already fulfilled 18 month contract. he should now be in a month to month status. am I missing something?</p><p>maybe I am just confused. sorry</p>', '', '1443648223', '2015-09-30 15:53:43'),
(530, 144, 3, 5, '<p>Please provide the steps you followed to change the plan or follow below steps for changing the plan.</p><p>Click on change plan under Other Services, system will provide the effective month and need to select category from the available options (system will change the current plan to new plan on the next billing date)</p><p>Then Click on Calculate Payment , system will calculate the amount for changing the plan, and then click on proceed.</p><p>Let me know if you have any difficulty.</p><p><br/></p>', '', '1443648228', '2015-09-30 15:53:48'),
(531, 144, 8, 1, '<p>I was missing the &#34;calculate payment&#34; step.</p><p>I am seeing a $258.50 &#34;paid initiation fee&#34; on the screen that shows up. What is that? he will not be charged $258.50 will he?</p>', '', '1443648444', '2015-09-30 15:57:24'),
(532, 134, 3, 5, '<p>Will charge member $42 for the month of sept.22-oct.22 and will request for freeze from 10/22/2015 , but system automatically unfreeze that member after 90 days (on 1/22/2016).</p><p>Please confirm on this.</p>', '', '1443648454', '2015-09-30 15:57:34'),
(533, 134, 8, 1, '<p>this member can freeze as long as he needs to. Michael authorized this. I know the system is set up a certain way, but isn''t there some way we can make that work? </p>', '', '1443648599', '2015-09-30 15:59:59'),
(534, 144, 3, 5, '<p>If there is no amount to pay, system will not charge anything. Please let me know which plan (new) you opted then I can confirm on payment amount.</p>', '', '1443648759', '2015-09-30 16:02:39'),
(535, 144, 8, 1, '<p>FE Moran $19/month membership. is what I want to put him on. </p><p>his declined payments should not be there because he should have been on his new membership since April. </p>', '', '1443649046', '2015-09-30 16:07:26'),
(536, 132, 3, 5, '<p>Dylan,</p><p>Membership plan changed from 18 months to M2M to the member John FelagellerEG0021930. </p><p>Please verify and confirm us.</p>', '', '1443650551', '2015-09-30 16:32:31'),
(537, 144, 3, 5, '<p>Please click on proceed, system will not charge anything and this will effect from 10/14/2015.</p><p>Member has declined payments from 4/14/2015, 5/14, 6/14,7/14,8/14,9/14 </p><p>Please verify.</p>', '', '1443650987', '2015-09-30 16:39:47'),
(538, 144, 8, 1, '<p>membership plan has been changed on my end to $19/month. thank you for helping me out</p>', '', '1443651367', '2015-09-30 16:46:07'),
(539, 144, 3, 6, '<p>Please close this if every thing working fine.</p>', '', '1443707102', '2015-10-01 08:15:02'),
(540, 145, 9, 1, '<p>Member is showing 16 visits for 8/28/15 payment date, but was billed for $49. Please advise before we close this ticket. i just noticed this and was made aware by member. Thank you</p>', '', '1443709125', '2015-10-01 08:48:45'),
(541, 134, 3, 6, '<p>Charged member $42 ,lawrence ShneiderEG0023302, for the month of sept.22-oct.22 and will  freeze from 10/22/2015 till March 1 2016.<br/></p><p>Please verify and confirm while closing this.</p><p><br/></p>', '', '1443709516', '2015-10-01 08:55:16'),
(542, 146, 9, 3, '', '', '1443713167', '2015-10-01 09:56:07'),
(543, 145, 3, 5, '<p>Phil,</p><p>Due to profile migration, manual changes was went wrong for failed payment. </p><p>Please let me know if need to refund($20) or adjust for next billing.<br/></p>', '', '1443713423', '2015-10-01 10:00:23'),
(544, 145, 9, 1, '<p>Please refund. Thank you.</p>', '', '1443713955', '2015-10-01 10:09:15'),
(545, 145, 3, 6, '<p>I have processed refund $20 to the member EG0035173: Rodney Berry, Please verify and confirm while closing this.</p>', '', '1443715848', '2015-10-01 10:40:48'),
(546, 148, 1, 1, '', '', '1443719004', '2015-10-01 11:33:24'),
(547, 148, 3, 6, '<p>Added workouts for the dates 9/17, 9/19, 9/20, 9/25, 9/26, 9/27.</p><p>Please verify and confirm while closing this.</p>', '', '1443719335', '2015-10-01 11:38:55'),
(548, 148, 9, 3, '<p>all set</p>', '', '1443719636', '2015-10-01 11:43:56'),
(549, 149, 1, 1, '', '', '1443720743', '2015-10-01 12:02:23'),
(550, 145, 9, 3, '<p>all set</p>', '', '1443721180', '2015-10-01 12:09:40'),
(551, 142, 9, 1, '<p>Do not worry about creating a new $10 option. We have come up with a solution in club. Thank you. Please close ticket for this member.</p>', '', '1443721822', '2015-10-01 12:20:22'),
(552, 142, 3, 6, '<p>Phil,</p><p>Thankyou for the update. Unfortunately we doesn''t have the option of closing the ticket. </p><p>Please close if every thing works good.</p>', '', '1443722397', '2015-10-01 12:29:57'),
(553, 144, 8, 3, '', '', '1443723378', '2015-10-01 12:46:18'),
(554, 134, 8, 3, '', '', '1443723399', '2015-10-01 12:46:39'),
(555, 132, 8, 1, '<p>good</p>', '', '1443723421', '2015-10-01 12:47:01'),
(556, 132, 3, 6, '<p>Please close this.</p>', '', '1443724386', '2015-10-01 13:03:06'),
(557, 142, 9, 3, '', '', '1443724936', '2015-10-01 13:12:16'),
(558, 132, 8, 3, '', '', '1443725604', '2015-10-01 13:23:24'),
(559, 150, 1, 1, '', '', '1443727939', '2015-10-01 14:02:19'),
(560, 151, 1, 1, '', '', '1443727969', '2015-10-01 14:02:49'),
(561, 152, 1, 1, '', '', '1443727985', '2015-10-01 14:03:05'),
(562, 152, 3, 6, '<p>Member Scott Kalish EG0025337, unfreezed.</p><p>Please verify and confirm while closing this.</p>', '', '1443729102', '2015-10-01 14:21:42'),
(563, 149, 3, 6, '<p>Removed declined transaction $200 to the member EG0034630 and currently in Join Active status.</p><p>Please verify and confirm while closing this.</p>', '', '1443729562', '2015-10-01 14:29:22'),
(564, 151, 3, 6, '<p>I have processed refund $59 to Jeff Amport EG0015548. </p><p>Please verify and confirm while closing this.</p>', '', '1443730010', '2015-10-01 14:36:50'),
(565, 152, 8, 1, '<p>please make sure prints are active</p>', '', '1443731280', '2015-10-01 14:58:00'),
(566, 152, 3, 5, '<p>Sure, I''ll ask EI team to take care of this.</p>', '', '1443732374', '2015-10-01 15:16:14'),
(567, 41, 3, 6, '<p>Please update on this member.</p>', '', '1443733121', '2015-10-01 15:28:41'),
(568, 44, 3, 5, '<p>Please let me know if that member still facing the same issue else close this ticket.</p>', '', '1443733298', '2015-10-01 15:31:38'),
(569, 126, 3, 5, '<p>Sure, will apply change plan with $39 after 1 year complimentary and this will effect  on 10/21/2016.</p><p><br/></p>', '', '1443733565', '2015-10-01 15:36:05'),
(570, 149, 9, 3, '<p>All set</p>', '', '1443735889', '2015-10-01 16:14:49'),
(571, 152, 8, 1, '<p>ok, so far…his prints are still deactivated</p>', '', '1443743094', '2015-10-01 18:14:54'),
(572, 126, 8, 1, '<p>thank you</p>', '', '1443743125', '2015-10-01 18:15:25'),
(573, 114, 8, 1, '<p>it is still showing as 1923 on the device. please make 1924</p>', '', '1443743416', '2015-10-01 18:20:16'),
(574, 44, 10, 1, '<p>Cusomers have been successfully logging on.</p>', '', '1443781217', '2015-10-02 04:50:17'),
(575, 114, 11, 5, '<p>@Dylan Can you please update her finger.</p><p>Procedure: Login to EI and go to Member page and in the right corner Search member -Search as Thanka and press enter. Then the member information is displayed click on her member_number which is in blue color, It will redirect you to Enrollment page. Just update her fingerprints.</p>', '', '1443791751', '2015-10-02 07:45:51'),
(576, 44, 3, 6, '<p>Chris,</p><p>Thank you for the update and please close this.</p>', '', '1443795079', '2015-10-02 08:41:19'),
(577, 152, 8, 1, '<p>still inactive prints….</p>', '', '1443814496', '2015-10-02 14:04:56'),
(578, 153, 1, 1, '', '', '1444008746', '2015-10-04 20:02:26'),
(579, 154, 1, 1, '<p>Support,</p><p>Please update M2M with 0 fee.</p><p><br/></p>', '', '1444008843', '2015-10-04 20:04:03'),
(580, 155, 1, 1, '', '', '1444008861', '2015-10-04 20:04:21'),
(581, 156, 1, 1, '', '', '1444008880', '2015-10-04 20:04:40'),
(582, 152, 4, 6, '<p>Dylan,</p><p>Prints are active now, we are looking into system reason for not activation after unfreeze.</p><p>Please verify and conform us on fingerprints status</p>', '', '1444054489', '2015-10-05 08:44:49'),
(583, 153, 3, 6, '<p>Added 2 workouts on 9/21, 9/29.</p><p>Please verify and confirm while closing this.</p>', '', '1444055846', '2015-10-05 09:07:26'),
(584, 154, 3, 5, '<p>I have processed the refund amount of $15.32 to Yong Ju Yoo EG0022829.</p><p>This member already in complimentary membership based on ticket -85 raised by Dylan Brown and please find below conversation and let me know your confirmation.</p><p><br/></p><p>member needs to be switched from cancelled status to complementary status with not charge complementary membership ends in march 2016 --by Dylan<br/></p><p>Dylan, Please provide the reason for the same.--by Amar Reddy<br/></p><p>There is email documentation between Chris G and them explaining that Chris told them they would be complementary members ---by Dylan<br/></p><p style="color: rgb(51, 51, 51);background-color: rgb(255, 255, 255);">Support, Please make m2m with 0 fee. ---by Amar Reddy</p><p style="color: rgb(51, 51, 51);background-color: rgb(255, 255, 255);">Member swithed to complimentary M2M category with $0 charge and membership will expire in March 2016. Please verify and confirm us while closing this.--by Deepika.<br/></p><p style="color: rgb(51, 51, 51);background-color: rgb(255, 255, 255);"><i class="ng-binding" style="color: rgb(49, 112, 143);background-color: rgb(217, 237, 247);">Ticket Closed-- by Dylan.</i><br/></p>', '', '1444056471', '2015-10-05 09:17:51'),
(585, 155, 3, 6, '<p>Removed add on service. </p><p>Please verify and confirm us.</p>', '', '1444057167', '2015-10-05 09:29:27'),
(586, 156, 3, 6, '<p>Removed Add on service.</p><p>Please verify and confirm us.</p>', '', '1444058274', '2015-10-05 09:47:54'),
(587, 155, 9, 3, '<p>all set!</p>', '', '1444060170', '2015-10-05 10:19:30'),
(588, 156, 9, 3, '<p>all set</p>', '', '1444060229', '2015-10-05 10:20:29'),
(589, 91, 2, 6, '<p>This appears to be a single time issue with pump one. Thank you for reviewing.</p>', '', '1444061863', '2015-10-05 10:47:43'),
(590, 71, 2, 6, '<p>Thank you. I have reviewed with the team</p>', '', '1444061895', '2015-10-05 10:48:15'),
(591, 71, 2, 3, '', '', '1444061899', '2015-10-05 10:48:19'),
(592, 91, 2, 3, '', '', '1444061928', '2015-10-05 10:48:48'),
(593, 69, 2, 6, '<p>This was an issue with EI, correct? It appears there have been some updates to the system since this ticket was created.</p>', '', '1444062000', '2015-10-05 10:50:00'),
(594, 69, 2, 3, '', '', '1444062002', '2015-10-05 10:50:02'),
(595, 70, 2, 3, '', '', '1444062021', '2015-10-05 10:50:21'),
(596, 65, 2, 3, '', '', '1444062034', '2015-10-05 10:50:34'),
(597, 64, 2, 3, '', '', '1444062045', '2015-10-05 10:50:45'),
(598, 18, 2, 1, '<p>What is the status on this ticket?</p>', '', '1444062087', '2015-10-05 10:51:27'),
(599, 17, 2, 3, '', '', '1444062135', '2015-10-05 10:52:15'),
(600, 16, 2, 3, '', '', '1444062159', '2015-10-05 10:52:39'),
(601, 40, 2, 6, '', '', '1444062252', '2015-10-05 10:54:12'),
(602, 40, 2, 3, '', '', '1444062254', '2015-10-05 10:54:14'),
(603, 157, 2, 1, '<p>Also, this was supposed to be handled a few weeks ago during the updates for mapping.</p><p><br/></p><p>Thanks</p><p>Michael</p>', '', '1444062319', '2015-10-05 10:55:19'),
(604, 152, 8, 3, '<p>active. thank you</p>', '', '1444063967', '2015-10-05 11:22:47'),
(605, 158, 1, 1, '', '', '1444065826', '2015-10-05 11:53:46'),
(606, 161, 1, 1, '<p>Support,</p><p>Please freeze and explain how system will work per the process<br/></p>', '', '1444065875', '2015-10-05 11:54:35'),
(607, 162, 1, 1, '<p>Support,</p><p>Please provide<br/></p>', '', '1444065905', '2015-10-05 11:55:05'),
(608, 159, 1, 1, '', '', '1444065970', '2015-10-05 11:56:10'),
(609, 150, 11, 5, '<p>member is registered in Plainfield and trying to re-enrol again in Naperville with same member_number (Not possible) </p>', '', '1444067055', '2015-10-05 12:14:15'),
(610, 160, 2, 1, '', '', '1444067094', '2015-10-05 12:14:54'),
(611, 160, 2, 6, '', '', '1444067098', '2015-10-05 12:14:58'),
(612, 160, 2, 6, '', '', '1444067112', '2015-10-05 12:15:12'),
(613, 160, 2, 6, '<p>Not completed, still waiting from support.</p>', '', '1444067126', '2015-10-05 12:15:26'),
(614, 160, 8, 1, '<p>waiting from support? does that mean me?</p>', '', '1444067504', '2015-10-05 12:21:44'),
(615, 163, 1, 1, '', '', '1444068221', '2015-10-05 12:33:41'),
(616, 164, 1, 1, '', '', '1444068238', '2015-10-05 12:33:58'),
(617, 165, 1, 1, '', '', '1444071652', '2015-10-05 13:30:52'),
(618, 160, 3, 6, '<p>Dylan,</p><p>I have processed refund amount $145.5 ($48.5 X 3) to Michael-Stuart RosecransEG0023188 and moved to cancelled status.</p><p>Please verify and confirm us while closing this.</p>', '', '1444073028', '2015-10-05 13:53:48'),
(619, 161, 3, 5, '<p>Chris,</p><p>I can apply the freeze to Gerry O''Connor EG0013349 starting from November 1st , after that system will automatically unfreezes that member after 90 days, means on Feb 1st .</p><p>Please let me know to proceed.</p><p><br/></p>', '', '1444073198', '2015-10-05 13:56:38'),
(620, 162, 3, 5, '<p>Phil,</p><p>Please check the conversations in TICKET - 73 regarding EG0035130, created and closed by you.</p><p>If you need any further information let me know.</p>', '', '1444073592', '2015-10-05 14:03:12'),
(621, 162, 9, 1, '<p>So there are not any other charged amounts showing on your back end? Member was claiming she was billed and then refund and then billed again. I just wanted to verify with you. Thank you guys. </p>', '', '1444073740', '2015-10-05 14:05:40'),
(622, 160, 8, 3, '<p>thank you</p>', '', '1444073771', '2015-10-05 14:06:11'),
(623, 162, 3, 5, '<p>Please find below details about transactions.</p><p>On 5/21/2015 - charged $39.94 as down payment</p><p>On 6/19/2015 - charged $19.97 as recurring payment</p><p>On 7/19/2015 - No transaction</p><p>On 8/19/2015 and 9/19/2015 - system charged $19.97 and manually refunded those 2 transaction.</p><p>Let me know if you need further information.</p><p><br/></p><p><br/></p>', '', '1444074133', '2015-10-05 14:12:13'),
(624, 165, 3, 6, '<p>Added 2 workouts to Scott KalishEG0025337.</p><p>Please verify and confirm us.</p>', '', '1444074657', '2015-10-05 14:20:57'),
(625, 165, 8, 3, '', '', '1444075486', '2015-10-05 14:34:46'),
(626, 166, 1, 1, '<p>Support,</p><p>Please explain why still charged<br/></p><p><br/></p>', '', '1444077080', '2015-10-05 15:01:20'),
(627, 163, 3, 5, '<p>Chris,</p><p>Member status already moved to cancelled. If that member still wants to continue please reactive the member.</p>', '', '1444077247', '2015-10-05 15:04:07'),
(628, 169, 8, 0, '<p>also please make sure prints are active</p>', '', '1444081029', '2015-10-05 16:07:09'),
(629, 171, 1, 1, '<p>Support,</p><p>Please suggest how the system works in this scenario, else let Brown knows how it can handle.<br/></p><p><br/></p>', '', '1444138728', '2015-10-06 08:08:48'),
(630, 170, 1, 1, '', '', '1444138756', '2015-10-06 08:09:16'),
(631, 169, 1, 1, '', '', '1444138767', '2015-10-06 08:09:27'),
(632, 167, 1, 1, '<p>Support,</p><p>Please explain whether system supports<br/></p>', '', '1444138812', '2015-10-06 08:10:12'),
(633, 170, 3, 5, '<p>Since the member is in contract, system will charge cancellation fee $200 .</p><p>Please verify and confirm to proceed.</p>', '', '1444140280', '2015-10-06 08:34:40'),
(634, 171, 3, 5, '<p>Dylan,</p><p>Please use <b>Change Plan</b> option under <b>Other Services</b> tab, and choose any category near to $39 or please contact Michael to create new category for you to use it as one time, but system will charge 1st month due ( last month due based on category) and this will effect from next billing period.</p><p>On that day system will charge for Flex plan based on workouts and for Fixed plan.</p><p><br/></p>', '', '1444140609', '2015-10-06 08:40:09'),
(635, 162, 9, 1, '<p>we are all set here</p>', '', '1444147006', '2015-10-06 10:26:46'),
(636, 162, 3, 6, '<p>Please close this.</p>', '', '1444147348', '2015-10-06 10:32:28'),
(637, 162, 9, 3, '', '', '1444147843', '2015-10-06 10:40:43'),
(638, 172, 1, 1, '', '', '1444150060', '2015-10-06 11:17:40'),
(639, 170, 8, 1, '<p>the only reason she is under contract is because we reactivated a membership for her without her knowing about it</p>', '', '1444151154', '2015-10-06 11:35:54'),
(640, 168, 4, 5, '<p>Michael, </p><p> In current system for all the session sign off by default its 1 hour time slot.</p><p>To Allow multiple time slot we need to do modification in code or to enhancement the system to support as below</p><p>for each service there should be time slot to select for default session rendering, based on it system need to schedule or sign off session</p><p><br/></p><p>Please conform above..  so we can take a note and add it in next FMG Sprint.</p>', '', '1444152684', '2015-10-06 12:01:24'),
(641, 173, 1, 1, '', '', '1444153556', '2015-10-06 12:15:56'),
(642, 174, 1, 1, '<p>Support,</p><p>Explain<br/></p><p><br/></p>', '', '1444154170', '2015-10-06 12:26:10'),
(643, 175, 1, 1, '<p>Support,</p><p>Explain<br/></p>', '', '1444154203', '2015-10-06 12:26:43'),
(644, 176, 1, 1, '', '', '1444154226', '2015-10-06 12:27:06'),
(645, 174, 4, 5, '<p>Dylan,</p><p><font face="inherit">Above member was been in Flex plan before so, </font><span>system</span><font face="inherit"> had charged previous month billing , from current month member will be in complimentary, As his previous month flex payment was declined member status will be inactive.</font></p><p><font face="inherit">Billing cycle ( 9-01-2015 to 09-30-2015)</font></p><p><font face="inherit">Please review and let us know comments</font></p>', '', '1444154608', '2015-10-06 12:33:28'),
(646, 174, 8, 1, '<p>the payment that was declined should not have been there at all. </p>', '', '1444155108', '2015-10-06 12:41:48'),
(647, 164, 3, 6, '<p>Jimmy Xu EG0015488 status moved to Join Active and added 3 workouts.<br/></p><p>Please verify and confirm us.</p>', '', '1444156047', '2015-10-06 12:57:27'),
(648, 166, 3, 5, '<p>System charged on 10/4 for hyperbaric service based on 30 days notice period, but it was declined.</p><p>Please verify and let me know any questions.</p>', '', '1444156222', '2015-10-06 13:00:22'),
(649, 169, 3, 5, '<p>EG0024693Mitchell, Shandalyn  was been in Flex plan before so, system had charged on 10/2 for previous month billing , from current month member will be in complimentary.</p><p> As flex payment was declined member status will be inactive.</p><p>Billing cycle ( 9-02-2015 to 10-01-2015)</p><p>Please verify and let me know if you have any questions.<br/></p>', '', '1444156557', '2015-10-06 13:05:57'),
(650, 170, 3, 6, '<p>Lilly ZobermanEG0023584 moved to cancelled status.<br/></p><p>Please verify and confirm while closing this.</p>', '', '1444156943', '2015-10-06 13:12:23'),
(651, 170, 8, 3, '', '', '1444157000', '2015-10-06 13:13:20'),
(652, 166, 8, 1, '<p>My mistake, I double checked his cancelation request form. he cancelled his hyperbaric on 7/24/15. Charge on 10/4 should not exist</p>', '', '1444157275', '2015-10-06 13:17:55'),
(653, 169, 8, 1, '<p>10/2 charge should not have existed. her husband has been an employee here for more than a few months now</p>', '', '1444157342', '2015-10-06 13:19:02'),
(654, 175, 3, 6, '<p>Shandalyn Mitchell EG0024692 is in cancelled status.<br/></p><p>Please verify and let us know.</p>', '', '1444157724', '2015-10-06 13:25:24'),
(655, 174, 3, 5, '<p>Dylan,</p><p>Please provide us the reason for that <b>declined transaction should not have been there at all.</b></p><p>System cannot do that.</p>', '', '1444157850', '2015-10-06 13:27:30'),
(656, 176, 3, 6, '<p>I have processed refund $30 to EG0035194 for add on service.</p><p>Please verify and confirm.</p>', '', '1444158324', '2015-10-06 13:35:24'),
(657, 169, 3, 6, '<p>Removed declined transaction  and EG0024693Mitchell, Shandalyn moved to active status.</p><p>Please verify and confirm us.</p>', '', '1444158976', '2015-10-06 13:46:16'),
(658, 166, 3, 6, '<p>I have removed declined transaction and member moved to active status.</p><p>Please verify and confirm us.</p>', '', '1444159887', '2015-10-06 14:01:27'),
(659, 173, 3, 5, '<p>Phil,</p><p>There are no records for refunds.</p><p>Please provide us the reason and billing date to refund.</p>', '', '1444159983', '2015-10-06 14:03:03'),
(660, 126, 3, 6, '<p>Please close this.</p>', '', '1444160162', '2015-10-06 14:06:02'),
(661, 126, 8, 3, '', '', '1444162865', '2015-10-06 14:51:05'),
(662, 166, 8, 3, '<p>perfect</p>', '', '1444162886', '2015-10-06 14:51:26'),
(663, 175, 8, 3, '<p>I see she is active. thank you</p>', '', '1444162944', '2015-10-06 14:52:24');
INSERT INTO `tickets_status` (`id`, `tid`, `uid`, `status`, `message`, `attachments_id`, `time`, `date`) VALUES
(664, 174, 8, 1, '<p>this member has been a complementary member due to personal training since we opened. </p>', '', '1444163045', '2015-10-06 14:54:05'),
(665, 169, 8, 1, '<p>yes I see she is active in eco gym. please make sure prints are active and stay active</p>', '', '1444163205', '2015-10-06 14:56:45'),
(666, 174, 3, 6, '<p>Removed declined transaction and moved to active status.</p><p>Please verify and confirm us.</p>', '', '1444164456', '2015-10-06 15:17:36'),
(667, 174, 8, 3, '<p>good</p>', '', '1444165141', '2015-10-06 15:29:01'),
(668, 173, 9, 1, '<p>Wife (Member #EG0033966) was never supposed to activate due to a 14 day service guarantee from our preview center. It was communicated to a previous employee. Member called me today and we sat down and went through all of the chargers (1/26, 2/26, 3/26). My apologies on this one guys. Thank you.</p>', '', '1444168858', '2015-10-06 16:30:58'),
(669, 176, 9, 3, '<p>THank you</p>', '', '1444168874', '2015-10-06 16:31:14'),
(670, 178, 1, 1, '', '', '1444179227', '2015-10-06 19:23:47'),
(671, 179, 1, 1, '', '', '1444179242', '2015-10-06 19:24:02'),
(672, 180, 1, 1, '', '', '1444179253', '2015-10-06 19:24:13'),
(673, 172, 11, 6, '<p><span style="color: rgb(51, 51, 51);float: none;background-color: rgb(246, 248, 248);">Mike Arnold EG0021865 will not have problem (Since the prints are also active in Membership table i.e, EcoGym)</span><br/></p>', '', '1444198580', '2015-10-07 00:46:20'),
(674, 159, 11, 6, '<p><span style="color: rgb(51, 51, 51);float: none;background-color: rgb(246, 248, 248);"><span class="Apple-converted-space"> </span>will not have problem (Since the prints are also active in Membership table i.e, EcoGym)</span><br/></p>', '', '1444198910', '2015-10-07 00:51:50'),
(675, 181, 1, 1, '', '', '1444230885', '2015-10-07 09:44:45'),
(676, 180, 3, 5, '<p>Chris,</p><p>Please provide us the workout dates to add.</p>', '', '1444231731', '2015-10-07 09:58:51'),
(677, 179, 3, 5, '<p>Chris,</p><p>Please provide us the workout dates to add.<br/></p>', '', '1444231774', '2015-10-07 09:59:34'),
(678, 178, 3, 6, '<p>Removed declined payments and moved to Active status.</p><p>Please verify and confirm us.</p>', '', '1444232032', '2015-10-07 10:03:52'),
(679, 181, 3, 6, '<p>Jonathan Coros EG0010639, moved to cancelled status.<br/></p><p>Please verify and confirm us.</p>', '', '1444232299', '2015-10-07 10:08:19'),
(680, 177, 1, 1, '', '', '1444232768', '2015-10-07 10:16:08'),
(681, 169, 3, 6, '<p>Prints are active , please verify and let me know.</p>', '', '1444233659', '2015-10-07 10:30:59'),
(682, 178, 8, 1, '<p>I see she is active but her prints are not. do I do that on my end? if so, will they stay active?</p>', '', '1444234309', '2015-10-07 10:41:49'),
(683, 172, 8, 3, '', '', '1444234343', '2015-10-07 10:42:23'),
(684, 169, 8, 1, '<p>looks good thank you</p>', '', '1444234393', '2015-10-07 10:43:13'),
(685, 159, 8, 3, '<p>thanks</p>', '', '1444234415', '2015-10-07 10:43:35'),
(686, 169, 3, 6, '<p>Please close this if everything works fine.</p>', '', '1444234842', '2015-10-07 10:50:42'),
(687, 169, 8, 3, '', '', '1444235052', '2015-10-07 10:54:12'),
(688, 182, 1, 1, '<p>Support,</p><p>Please provide the reason why it is not working as expected<br/></p>', '', '1444238774', '2015-10-07 11:56:14'),
(689, 173, 3, 6, '<p>Phil,</p><p>We cannot refund those transactions since the period crossed 120days in authorize and it''s not allowing to do refunds.</p><p>Please contact Michael / Maggie to handle this manually.</p>', '', '1444239018', '2015-10-07 12:00:18'),
(690, 178, 3, 5, '<p>This will be taken care by the scheduler service.</p>', '', '1444239672', '2015-10-07 12:11:12'),
(691, 177, 3, 6, '<p>Member Sharon Gould EG0023932, moved to cancelled status.</p><p>Please verify and confirm us.</p>', '', '1444240113', '2015-10-07 12:18:33'),
(692, 177, 8, 3, '', '', '1444241000', '2015-10-07 12:33:20'),
(693, 182, 3, 6, '<p>Since the member''s Flex category doesn''t have any cancellation fee charges, because of this system not populating that $200 as early termination fee. This has been done while migrating the categories to the system.</p><p>I have updated cancellation fee as $200.</p><p>Please proceed and let me know any questions regarding this.<br/></p>', '', '1444241135', '2015-10-07 12:35:35'),
(694, 182, 8, 3, '', '', '1444243420', '2015-10-07 13:13:40'),
(695, 178, 8, 1, '<p>What does that mean?</p>', '', '1444243449', '2015-10-07 13:14:09'),
(696, 178, 3, 5, '<p>Dylan,</p><p>Prints will be active from tomorrow. No need to do anything from your end.</p><p>Please let me know the status after that.</p>', '', '1444243690', '2015-10-07 13:18:10'),
(697, 184, 1, 1, '', '', '1444249115', '2015-10-07 14:48:35'),
(698, 184, 3, 6, '<p>Member status moved from expiry to cancelled status.</p><p>Please verify and confirm us.</p>', '', '1444251323', '2015-10-07 15:25:23'),
(699, 184, 8, 3, '<p>good</p>', '', '1444251706', '2015-10-07 15:31:46'),
(700, 187, 11, 4, '<p>Prints are made Active</p>', '', '1444283074', '2015-10-08 00:14:34'),
(701, 187, 11, 6, '', '', '1444283079', '2015-10-08 00:14:39'),
(702, 158, 11, 5, '<p><span style="color: rgb(51, 51, 51);float: none;background-color: rgb(246, 248, 248);">EG0024916  changed to <span style="color: rgb(51, 51, 51);float: none;background-color: rgb(246, 248, 248);">EG0025075<span class="Apple-converted-space">  , no change in name is done , Only member number updated . And made Active</span></span></span><br/></p>', '', '1444283817', '2015-10-08 00:26:57'),
(703, 158, 11, 6, '', '', '1444283880', '2015-10-08 00:28:00'),
(704, 158, 8, 1, '<p>so everything is good. want me to close ticket?</p>', '', '1444320598', '2015-10-08 10:39:58'),
(705, 187, 8, 3, '', '', '1444320624', '2015-10-08 10:40:24'),
(706, 158, 3, 6, '<p>Please close if everything works good.</p>', '', '1444322718', '2015-10-08 11:15:18'),
(707, 158, 8, 3, '', '', '1444323320', '2015-10-08 11:25:20'),
(708, 188, 1, 1, '', '', '1444325020', '2015-10-08 11:53:40'),
(709, 173, 9, 1, '<p>ok, I will speak with Michael. Thank you</p>', '', '1444335465', '2015-10-08 14:47:45'),
(710, 188, 3, 6, '<p>Member Michael Vitello EG0013420 status moved to expiry.</p><p>Please verify and confirm us.</p>', '', '1444335742', '2015-10-08 14:52:22'),
(711, 173, 3, 5, '<p>Please let us know the status once it''s done , then we can close this.</p>', '', '1444335902', '2015-10-08 14:55:02'),
(712, 188, 2, 3, '', '', '1444344911', '2015-10-08 17:25:11'),
(713, 181, 10, 3, '', '', '1444344948', '2015-10-08 17:25:48'),
(714, 180, 10, 1, '<p>Add dates according to dates he did not visit. The customer was upset and visited and did not have specified dates. </p><p>Also, this customer is from Plainfield. Please push prints to naperville too!</p><p><br/></p><p>Thanks</p><p>Michael</p>', '', '1444346275', '2015-10-08 17:47:55'),
(715, 179, 2, 6, '<p>add workouts to available dates that have not workout credits. Also, this is a customer from plainfield. To prevent further issues, please push prints to Naperville</p>', '', '1444347113', '2015-10-08 18:01:53'),
(716, 180, 3, 5, '<p>Chris / Michael,</p><p>System has been charged $49 for the workouts, should charge $39 ( for 15 workouts, after adding 6 ). Shall we credit $10 to this account for forth recurring billing.</p><p>Please let me know.</p><p><br/></p>', '', '1444400355', '2015-10-09 08:49:15'),
(717, 189, 3, 5, '<p>Michael,</p><p>In Eco Impression , member has registered with yahoo mail id with first name as Amy.</p><p>In Ecogym, member email id and first name updated as .org mail id , Aimee by the user / manager.</p><p>Please provide us the scenario to analyze the issue.</p>', '', '1444401982', '2015-10-09 09:16:22'),
(718, 192, 3, 6, '<p>Michael,</p><p>Updated in database and also in UI.</p><p>Please verify and confirm us.</p>', '', '1444402100', '2015-10-09 09:18:20'),
(719, 193, 1, 1, '', '', '1444419657', '2015-10-09 14:10:57'),
(720, 190, 1, 1, '', '', '1444419677', '2015-10-09 14:11:17'),
(721, 191, 1, 1, '', '', '1444419691', '2015-10-09 14:11:31'),
(722, 190, 3, 5, '<p>Chris,</p><p>Please apply cancel from your end, system will automatically refund the amount to the member (removed declined payment).</p><p>Let me know if any further questions.</p>', '', '1444420188', '2015-10-09 14:19:48'),
(723, 191, 3, 5, '<p>Dylan,</p><p>Please apply cancel from you end, system will auto populate cancellation fee based on category.</p><p>Let me know if any difficulty.</p>', '', '1444420367', '2015-10-09 14:22:47'),
(724, 193, 3, 6, '<p>I have processed refund of $19.97 to Mark McDonald EG0010066. </p><p>Please verify and confirm us.</p>', '', '1444420790', '2015-10-09 14:29:50'),
(725, 191, 8, 1, '<p>cancelation does not apply for relocation. i am trying to avoid charging $200</p>', '', '1444422906', '2015-10-09 15:05:06'),
(726, 191, 3, 5, '<p>Please apply cancellation from your end and let me know once you appove that status.</p><p>Then cancellation fee can be removed once it approved.</p>', '', '1444424214', '2015-10-09 15:26:54'),
(727, 191, 8, 1, '<p>i have cancelled the member. please remove $200 charge. thank you</p>', '', '1444424902', '2015-10-09 15:38:22'),
(728, 196, 1, 1, '', '', '1444493454', '2015-10-10 10:40:54'),
(729, 195, 1, 1, '', '', '1444493464', '2015-10-10 10:41:04'),
(730, 197, 1, 1, '', '', '1444493484', '2015-10-10 10:41:24'),
(731, 198, 1, 1, '', '', '1444493497', '2015-10-10 10:41:37'),
(732, 199, 1, 1, '', '', '1444493511', '2015-10-10 10:41:51'),
(733, 194, 1, 1, '', '', '1444493542', '2015-10-10 10:42:22'),
(734, 199, 3, 5, '<p>I had been applied freeze from 10/11/2015 but system will automatically unfreeze after 90 days by considering freeze start date.</p><p>Please let me know any further questions.</p>', '', '1444508541', '2015-10-10 14:52:21'),
(735, 191, 3, 6, '<p>Removed Cancellation fee.</p><p>Please verify and confirm us.</p>', '', '1444661336', '2015-10-12 09:18:56'),
(736, 194, 3, 6, '<p>Member EG0034670 will cancel on 10/27/2015.</p><p>Please verify and confirm us.</p>', '', '1444661568', '2015-10-12 09:22:48'),
(737, 196, 3, 6, '<p>I have processed refund of $139.94 to Zain Ahsan EG0012448 and member status moved to cancelled.</p><p>Please verify and let me know any questions.</p>', '', '1444662280', '2015-10-12 09:34:40'),
(738, 198, 3, 6, '<p>Kieran Rajagopal EG0011782, will cancel on 10/12/2015 (today) without cancellation charges.<br/></p><p>Please verify and let me know any further questions.</p>', '', '1444662749', '2015-10-12 09:42:29'),
(739, 191, 8, 3, '', '', '1444670109', '2015-10-12 11:45:09'),
(740, 180, 10, 1, '<p>Yes please credit both Connor Samantha Marchetti</p><p><br/></p><p>-Chris</p>', '', '1444673583', '2015-10-12 12:43:03'),
(741, 200, 1, 1, '', '', '1444678447', '2015-10-12 14:04:07'),
(742, 201, 1, 1, '', '', '1444678462', '2015-10-12 14:04:22'),
(743, 202, 1, 1, '', '', '1444678480', '2015-10-12 14:04:40'),
(744, 203, 1, 1, '<p>Support,</p><p>Please get back with the issue.<br/></p><p><br/></p>', '', '1444678511', '2015-10-12 14:05:11'),
(745, 199, 10, 1, '<p>(10/9/2015 - 2/9/2016) ((Per past agreement with past Manager))  Thank You.</p><p><br/></p><p>-Chris</p>', '', '1444681591', '2015-10-12 14:56:31'),
(746, 198, 10, 3, '', '', '1444681657', '2015-10-12 14:57:37'),
(747, 194, 9, 1, '<p>Will member be charged on this day or expire? Please advise. Thank you</p>', '', '1444684049', '2015-10-12 15:37:29'),
(748, 180, 3, 6, '<p>Added workouts and credited $10 to their accounts to adjust for forth recurring billing.</p><p>Please let me know any questions regarding this.</p>', '', '1444687825', '2015-10-12 16:40:25'),
(749, 194, 3, 6, '<p>Member has first month due $59 in their account, system will not charge on that day and member will be cancelled not expired.</p><p>Please let me know any questions regarding this.</p>', '', '1444687977', '2015-10-12 16:42:57'),
(750, 200, 3, 5, '<p>Dylan, </p><p>Please check the Ticket-144 regarding this member( created &amp; closed by you) , the membership plan changed and will effect from 10/14/2015 and member has past declined payments, because of these member is in InActive status.</p><p>These can be removed by approval of Michael, please contact him and let me know the status.</p>', '', '1444688495', '2015-10-12 16:51:35'),
(751, 200, 8, 1, '<p>the declined payments that we are seeing, should not have been there. member should have been on a $19/month membership since april. therefore, all declined payments we see, should be different amounts</p>', '', '1444689146', '2015-10-12 17:02:26'),
(752, 207, 11, 4, '<p>I still see the member <span style="color: rgb(51, 51, 51);float: none;background-color: rgb(246, 248, 248);">EG0023852</span> is InActive in Ecogym.</p>', '', '1444711333', '2015-10-12 23:12:13'),
(753, 205, 11, 4, '<p>The MemberNumber is used by a person RodolfRudy Puente In Naperville.</p>', '', '1444711924', '2015-10-12 23:22:04'),
(754, 201, 11, 5, '<p><span style="color: rgb(51, 51, 51);float: none;background-color: rgb(246, 248, 248);"><a href="http://10.1.10.5:8085/VaazuBioMetrics/faces/EnrollmentApplet/member.xhtml?memberId=548" class="c_bl defaultText1 m_b_10 popper" title="Edit" style="color: orange;">EG0021754</a><span style="color: rgb(51, 51, 51);float: none;background-color: rgb(246, 248, 248);"> changed to </span>EG0023042 in EcoImpression</span><br/></p>', '', '1444712892', '2015-10-12 23:38:12'),
(755, 201, 11, 6, '', '', '1444712896', '2015-10-12 23:38:16'),
(756, 197, 11, 5, '<p>Update her Finger Prints with another finger</p>', '', '1444713397', '2015-10-12 23:46:37'),
(757, 195, 11, 6, '<p>Member is kept Active</p>', '', '1444713490', '2015-10-12 23:48:10'),
(758, 205, 10, 0, '<p>George,</p><p>That is incorrect. Rodolfo (Rudy) Puente is EG0015631, Tu Liang is EG0015632. Please double-check Eco Gym Software and make corrections.</p><p><br/></p><p>-Chris</p>', '', '1444740465', '2015-10-13 07:17:45'),
(759, 207, 8, 0, '<p>Ezerskyte, Lina EG0023852 JOIN (ACTIVE) Eco Gym, Glenview IL<br/></p><p>this is what I see on my end</p>', '', '1444747863', '2015-10-13 09:21:03'),
(760, 201, 8, 3, '', '', '1444747936', '2015-10-13 09:22:16'),
(761, 202, 3, 6, '<p>Removed flex payment declined transaction on 10/8/2015.</p><p>Please verify and confirm us.</p>', '', '1444751668', '2015-10-13 10:24:28'),
(762, 202, 8, 3, '<p>thanks</p>', '', '1444751749', '2015-10-13 10:25:49'),
(763, 199, 3, 6, '<p>We will extend freeze and member will unfreeze on 2/11/2016.</p><p>Please let me know any further questions.</p>', '', '1444752075', '2015-10-13 10:31:15'),
(764, 183, 4, 5, '<p>Micahel,</p><p>Please confirm should we moved client  Heather MacKinnon from ATF Wales WI location to  ATF, Beaver Dam WI location.</p><p>Regarding package As it was created in FMG level, i believe no need any change on package moved.</p><p>Please confirm</p>', '', '1444756644', '2015-10-13 11:47:24'),
(765, 183, 2, 5, '', '', '1444759479', '2015-10-13 12:34:39'),
(766, 183, 2, 5, '<p>Yes, please move client. Please confirm package will map to client.</p>', '', '1444759499', '2015-10-13 12:34:59'),
(767, 195, 8, 3, '', '', '1444759685', '2015-10-13 12:38:05'),
(768, 203, 3, 6, '<p>Please provide below data with member:</p><p>goto payment profile and click on update, then check the box next to &#34;Select to edit expiry date&#34; then system will allow user to change the expiration date.</p><p>Let me know any further questions.</p>', '', '1444761377', '2015-10-13 13:06:17'),
(769, 216, 1, 1, '<p>Support,</p><p>Is this something missed on email communications.<br/></p><p><br/></p>', '', '1444766039', '2015-10-13 14:23:59'),
(770, 194, 9, 3, '<p>all set</p>', '', '1444766115', '2015-10-13 14:25:15'),
(771, 216, 3, 5, '<p>Member was on freeze from 9/12/2015 to 10/12/2015, on 10/12 unfreezed. Please find the below conversation regarding this member in Ticket -26 (created on 2015-09-11 &amp; closed by Anthony) , by considering this ticket, we have applied freeze for one month only.</p><div class="col-sm-12 clearfix ng-binding" style="float: left;width: 1292.39px;color: rgb(51, 51, 51);"><label>Title</label><br/>Lisa Sonnenberg EG0015418</div><div class="col-sm-12" style="float: left;width: 1292.39px;color: rgb(51, 51, 51);"><label>Description</label><br/><div class="desc ng-binding">Please freeze for 1 month, member is having surgery and emailed proper documents</div><p><br/></p><p>Please let me know any questions on this.</p></div><p><br/></p>', '', '1444766871', '2015-10-13 14:37:51'),
(772, 218, 1, 1, '<p>Support,</p><p>Please advise<br/></p>', '', '1444767005', '2015-10-13 14:40:05'),
(773, 215, 1, 1, '', '', '1444767025', '2015-10-13 14:40:25'),
(774, 214, 1, 1, '<p>Support,</p><p>is it necessary for me to do this? or will prints stay active when I do it?<br/></p>', '', '1444767085', '2015-10-13 14:41:25'),
(775, 213, 1, 1, '', '', '1444767156', '2015-10-13 14:42:36'),
(776, 209, 1, 1, '', '', '1444767365', '2015-10-13 14:46:05'),
(777, 210, 1, 1, '', '', '1444767374', '2015-10-13 14:46:14'),
(778, 211, 1, 1, '', '', '1444767382', '2015-10-13 14:46:22'),
(779, 212, 1, 1, '', '', '1444767444', '2015-10-13 14:47:24'),
(780, 207, 1, 1, '', '', '1444768435', '2015-10-13 15:03:55'),
(781, 208, 1, 1, '', '', '1444768442', '2015-10-13 15:04:02'),
(782, 205, 1, 1, '', '', '1444768470', '2015-10-13 15:04:30'),
(783, 206, 1, 1, '', '', '1444768485', '2015-10-13 15:04:45'),
(784, 219, 1, 1, '', '', '1444768499', '2015-10-13 15:04:59'),
(785, 204, 1, 1, '', '', '1444768517', '2015-10-13 15:05:17'),
(786, 220, 1, 1, '', '', '1444777467', '2015-10-13 17:34:27'),
(787, 221, 1, 1, '', '', '1444777479', '2015-10-13 17:34:39'),
(788, 222, 1, 1, '', '', '1444782587', '2015-10-13 18:59:47'),
(789, 223, 1, 1, '', '', '1444782609', '2015-10-13 19:00:09'),
(790, 213, 11, 6, '<p>changed <span style="color: rgb(51, 51, 51);float: none;background-color: rgb(246, 248, 248);">Rodolfo (Rudy) Puente to EG0015631</span></p>', '', '1444800502', '2015-10-13 23:58:22'),
(791, 221, 11, 6, '<p>Done</p>', '', '1444800618', '2015-10-14 00:00:18'),
(792, 220, 11, 5, '<p><span style="color: rgb(51, 51, 51);float: none;background-color: rgb(246, 248, 248);">Annette BlyakherEG0025228 InActive in EcoGym , If Status not set to Active in EcoGym . Automatically fingerprints will be deactivated.</span><br/></p>', '', '1444800787', '2015-10-14 00:03:07'),
(793, 214, 11, 5, '<p>Make sure the status becomes active in Ecogym. Or else it will get deactivated automatically if the Status in ecogym is InActive</p>', '', '1444800932', '2015-10-14 00:05:32'),
(794, 207, 11, 6, '<p>Done.. will Stay Active , Since its Active in EcoGym</p>', '', '1444801088', '2015-10-14 00:08:08'),
(795, 205, 11, 6, '<p><span style="color: rgb(51, 51, 51);float: none;background-color: rgb(255, 255, 255);">Rodolfo (Rudy) Puente is <span style="color: rgb(51, 51, 51);float: none;background-color: rgb(255, 255, 255);">manually made</span> EG0015631 .</span><br/></p><p>you can enrol <span style="color: rgb(51, 51, 51);float: none;background-color: rgb(246, 248, 248);">Tu Liang as EG0015632</span></p>', '', '1444801209', '2015-10-14 00:10:09'),
(796, 204, 3, 6, '<p>Updated the name as &#34;He&#34;, please verify and confirm us.</p>', '', '1444829775', '2015-10-14 08:06:15'),
(797, 208, 3, 6, '<p>Nathan Kilian EG0011503, moved to expiry status.<br/></p><p>Please verify and confirm us.</p><p><br/></p>', '', '1444830396', '2015-10-14 08:16:36'),
(798, 209, 3, 6, '<p>Member Younes Ibratik EG0013879, is going to cancel on 10/14/2015 (today) without any charges.</p><p>Please verify and confirm us.</p>', '', '1444830672', '2015-10-14 08:21:12'),
(799, 210, 3, 6, '<p>Poonam Wadhwani EG0010862, is going to cancel on 10/17/2015 without any charges.<br/></p><p>Please verify and confirm us.</p>', '', '1444831148', '2015-10-14 08:29:08'),
(800, 211, 3, 6, '<p>Karl Schmidt EG0011409, moved to expiry status.<br/></p><p>Please verify and confirm us.</p>', '', '1444831294', '2015-10-14 08:31:34'),
(801, 212, 3, 6, '<p>Olivia Traynor EG0014110, moved to expiry status.<br/></p><p>Please verify and confirm us.</p>', '', '1444831413', '2015-10-14 08:33:33'),
(802, 215, 3, 6, '<p>Ryan White EG0012908, status moved to cancelled.<br/></p><p>Please verify and confirm us.</p>', '', '1444831589', '2015-10-14 08:36:29'),
(803, 219, 3, 6, '<p>Removed $30 declined payment transaction and moved to Join Active status.</p><p>Please verify and confirm us.</p>', '', '1444832335', '2015-10-14 08:48:55'),
(804, 220, 8, 1, '<p>I see her status as active</p>', '', '1444839586', '2015-10-14 10:49:46'),
(805, 221, 8, 3, '', '', '1444839594', '2015-10-14 10:49:54'),
(806, 207, 8, 3, '', '', '1444839615', '2015-10-14 10:50:15'),
(807, 203, 8, 3, '', '', '1444839624', '2015-10-14 10:50:24'),
(808, 219, 9, 3, '<p>all set. Thanks</p>', '', '1444841284', '2015-10-14 11:18:04'),
(809, 200, 3, 5, '<p>If so, can we update the amount to charge $19/month from April to Sepetember, then you can proceed from your end to charge those declined payments.</p><p>Please let me know.</p>', '', '1444842130', '2015-10-14 11:32:10'),
(810, 223, 3, 6, '<p>Removed early termination fee of $200.</p><p>Please verify and confirm us.</p>', '', '1444842241', '2015-10-14 11:34:01'),
(811, 222, 3, 5, '<p>Please cancel the member and register again, system cannot support to proceed further if paid by cash. Otherwise please follow below steps to switch the plan.</p><p>Goto Other Services -&gt; click on Change Membership plan and the click on Change plan -&gt; system will allow you to select the plan and will calculate the amount to pay proceed.</p><p>Let me know any further questions.</p><p><br/></p>', '', '1444842517', '2015-10-14 11:38:37'),
(812, 218, 3, 5, '<p>Member not charged twice on 9/30/2015 for flex plan, in authorize also we verified. It''s showing the duplicate record under <b>Account History</b>.</p><p>We will resolve this ASAP.</p><p>Please let me know any further questions.</p>', '', '1444842699', '2015-10-14 11:41:39'),
(813, 200, 8, 1, '<p>yes. If you change them to $19 payments, I can run them on my end</p>', '', '1444843577', '2015-10-14 11:56:17'),
(814, 200, 3, 5, '<p>All transaction amounts changed to $19 (on 4/16/2015, system has declined payment for enhancement fee -not changed).</p><p>Please proceed from you end to charge accordingly and let me know any questions.</p>', '', '1444846453', '2015-10-14 12:44:13'),
(815, 217, 4, 5, '<p>Michael</p><p>Please update client email ID with with prefix 1 and save then you can cancel packages so no email will be sent, once cancellation done remove prefix and save</p><p>Ex: Sandy@vaazu.com is client email in client''s my account then make 1Sandy@vaazu.com then save it , apply package cancel and the approve after complete then change to sandy@vaazu.com--&gt; save profile</p><p>In above way you can complete all.</p><p>Let us know if you have quires</p>', '', '1444846590', '2015-10-14 12:46:30'),
(816, 206, 3, 5, '<p>Please provide client name,package name and trainer name to replicate the same issue.</p>', '', '1444846969', '2015-10-14 12:52:49'),
(817, 224, 8, 0, '<p>now all necessary info is back on his account and I can run payments. no idea why that happened</p>', '', '1444849255', '2015-10-14 13:30:55'),
(818, 217, 2, 5, '', '', '1444850006', '2015-10-14 13:43:26'),
(819, 217, 2, 5, '<p>Sandeep,</p><p>Both of my browsers are stating that something went wrong and it is being worked on. I cannot cancel the clients account with this error popping up. Do you know what might be going on?</p><p>Thanks,</p><p>Maggie</p>', '', '1444850061', '2015-10-14 13:44:21'),
(820, 217, 4, 5, '<p>Michael,</p><p>I had done for first client ''<span style="color: rgb(51, 51, 51);float: none;background-color: rgb(246, 248, 248);">Joni Gonzalez - 12 sessions @ $360.00</span>'' and also reverted email ID, I have not received any error.</p><p>Please review </p>', '', '1444850455', '2015-10-14 13:50:55'),
(821, 217, 2, 5, '<p>It is working now. I will complete all cancellations.</p><p>Thanks,</p><p>Maggie</p>', '', '1444850532', '2015-10-14 13:52:12'),
(822, 200, 8, 1, '<p>all payments have been processed. I have reactivated his prints. please just make sure they stay active</p>', '', '1444855516', '2015-10-14 15:15:16'),
(823, 222, 2, 5, '<p>Deepika,</p><p>If you cancel the member, the system will generate a new Eco ID which is passed to the biometric, Eco Impression. Then the customer needs to re-enroll.</p><p>Can you assist?</p><p>Thanks</p><p>Michael</p>', '', '1444861197', '2015-10-14 16:49:57'),
(824, 218, 2, 6, '<p>Thank you Deepika</p>', '', '1444861226', '2015-10-14 16:50:26'),
(825, 218, 2, 3, '', '', '1444861228', '2015-10-14 16:50:28'),
(826, 217, 2, 6, '', '', '1444861287', '2015-10-14 16:51:27'),
(827, 217, 2, 3, '', '', '1444861290', '2015-10-14 16:51:30'),
(828, 216, 2, 5, '<p>According to the communication chain, it appears we have followed the proper steps and the member was on Freeze. She was then re-billed on 10/12 for $39.00</p>', '', '1444861450', '2015-10-14 16:54:10'),
(829, 173, 9, 1, '<p>I have emailed michael on this. THank you</p>', '', '1444861527', '2015-10-14 16:55:27'),
(830, 214, 2, 5, '<p>George,</p><p>This does not follow process logic. </p><p>If a customer pays for all past due balances, the customer should become active, therefore automatically becoming active in Eco Impression. There is nothing that the managers should need to recheck. </p><p>Please confirm. Deactivation should not occur when account balances are up to date.</p><p>Regards,</p><p>Michael</p>', '', '1444861700', '2015-10-14 16:58:20'),
(831, 206, 2, 5, '<p>Chris,</p><p>Can you provide the following for Deepika:</p><p>Client Name, Package name and trainer so they can replicate? This is not happening with all clients, therefore there is either a manual error or system error.</p><p>Thanks</p><p>Michael</p>', '', '1444861782', '2015-10-14 16:59:42'),
(832, 197, 2, 5, '<p>George,</p><p>Can you please explain why this would happen? Chris will update her finger prints, but you didn''t answer his question as to why there are two different Pin Codes.</p><p>Please advise.</p><p>Michael</p>', '', '1444861876', '2015-10-14 17:01:16'),
(833, 190, 2, 5, '<p>Chris,</p><p>Did you cancel the member and refund?</p><p>Thanks</p><p>Michael</p>', '', '1444861938', '2015-10-14 17:02:18'),
(834, 189, 2, 5, '<p>This was an issue at Naperville and is now resolved. We couldn''t register the member because of different email addresses, and we couldn''t change the email in either Eco Gym or Eco Impression.</p><p>For now we created a work around. We still need someone to review the ability to change email addresses in Eco Impression and Eco Gym and make certain the accounts are the same in both systems.</p><p>Advise please.</p><p>Michael</p>', '', '1444862064', '2015-10-14 17:04:24'),
(835, 227, 1, 1, '', '', '1444865373', '2015-10-14 17:59:33'),
(836, 183, 4, 6, '<p>Michael,</p><p> I had moved client to <span style="color: rgb(51, 51, 51);float: none;background-color: rgb(255, 255, 255);">ATF, Beaver Dam WI location  and also package will be mapped.</span></p><p><span style="color: rgb(51, 51, 51);float: none;background-color: rgb(255, 255, 255);">Please review from UI and confirm us.</span></p>', '', '1444921071', '2015-10-15 09:27:51'),
(837, 173, 3, 5, '<p>Phil,</p><p>Please let us know the status once you done with refunds,then only we can close this.</p>', '', '1444921394', '2015-10-15 09:33:14'),
(838, 200, 3, 6, '<p>Prints will stay active, please let know or create a ticket under Eco Impression if those are in InActive status.</p><p>If everything looks good, please close this.</p>', '', '1444921510', '2015-10-15 09:35:10'),
(839, 220, 3, 6, '<p>Dylan, </p><p>Please close if everything looks good regarding this ticket.</p>', '', '1444921642', '2015-10-15 09:37:22'),
(840, 227, 3, 6, '<p>Updated email id.</p><p>Please verify and confirm us.</p>', '', '1444921996', '2015-10-15 09:43:16'),
(841, 225, 1, 1, '', '', '1444922436', '2015-10-15 09:50:36'),
(842, 226, 3, 5, '<p>Michael,</p><p>I have processed refund amount $39.94 (19.97 X 2) to Preston Brewton EG0033965 and for the member EG0033966 Victoria Brewton, we are not able to process refund, since authorize will not allow refunds if it exceeds 120 days after settlement, need to refund manually by providing check.</p><p>Please verify and advise.</p>', '', '1444922801', '2015-10-15 09:56:41'),
(843, 225, 3, 6, '<p>Member David Schwarzberg EG0023334, is going to charge on 10/15/2015 based on workouts for flex plan and then will cancel on same day (today).</p><p>Please verify and confirm us.</p><p><br/></p>', '', '1444923045', '2015-10-15 10:00:45'),
(844, 186, 1, 1, '', '', '1444923164', '2015-10-15 10:02:44'),
(845, 186, 3, 6, '<p>Removed past declined payments and moved to Join Active status and member already changed to complimentary on 10/8/2015.</p><p>Please verify and confirm us.</p>', '', '1444923445', '2015-10-15 10:07:25'),
(846, 167, 11, 6, '<p>Done</p>', '', '1444924296', '2015-10-15 10:21:36'),
(847, 200, 8, 3, '', '', '1444925808', '2015-10-15 10:46:48'),
(848, 225, 8, 3, '', '', '1444925866', '2015-10-15 10:47:46'),
(849, 220, 8, 3, '', '', '1444925947', '2015-10-15 10:49:07'),
(850, 189, 3, 5, '<p>Michael,</p><p>Please provide the valid email id, then we can update in both Ecogym and EcoImpression databases.</p>', '', '1444929824', '2015-10-15 11:53:44'),
(851, 206, 10, 1, '<p>Unable tio Sign off Sessions through Immediate Sign-Off Function - <b><u>Shital Patel.</u></b></p><p>Nicholas Anderson Trained her 10/7/15 @ 8pm</p><p>Unable to sign off.</p><p>-Chris</p>', '', '1444931343', '2015-10-15 12:19:03'),
(852, 190, 10, 1, '<p>Performed Cancellation Request. Now System indicates he is still Pending and that the Cancellation Process I had performed did not work.</p><p><br/></p><p>Please Advise. I will attempt to Cancel member and refund as indicated.</p><p><br/></p><p>-Chris</p>', '', '1444931691', '2015-10-15 12:24:51'),
(853, 190, 3, 6, '<p>Chris,</p><p>Currently member status is cancelled in Ecogym.</p><p>Please verify and confirm us.</p>', '', '1444932210', '2015-10-15 12:33:30'),
(854, 223, 10, 1, '<p>confirmed</p>', '', '1444932386', '2015-10-15 12:36:26'),
(855, 197, 10, 1, '<p>George,</p><p>Can you simply make the Member ID Edit on the back-end?</p><p><br/></p><p>-Chris</p>', '', '1444932480', '2015-10-15 12:38:00'),
(856, 163, 10, 1, '<p>confirmed</p>', '', '1444932505', '2015-10-15 12:38:25'),
(857, 161, 10, 1, '<p>How can I Freeze customer for the requested 6 months as agreed to by prior staff?</p><p><br/></p><p>-Chris</p>', '', '1444932605', '2015-10-15 12:40:05'),
(858, 216, 10, 1, '<p>Please refund $39 back to card on file.</p><p><br/></p><p>-Chris</p>', '', '1444932642', '2015-10-15 12:40:42'),
(859, 150, 10, 1, '<p>George,</p><p>What is the solution here? As with a list of multiple members presiding her, can we simply enter her into Naperville EcoImpression allowing her accessibility?</p><p><br/></p><p>-Chris</p>', '', '1444932770', '2015-10-15 12:42:50'),
(860, 45, 10, 1, '<p>Cancellation already performed.</p>', '', '1444932889', '2015-10-15 12:44:49'),
(861, 154, 10, 1, '<p>Has this been successfully handled?</p>', '', '1444932996', '2015-10-15 12:46:36'),
(862, 214, 11, 5, '<p>@michael , The logic how it works is. </p><p>On daily basis Ecogym updates our Ecoimpression database with the member status details (Active or InActive) . And here in Ecoimpression we have scheduler program which runs once daily checks the status set by Ecogym in our database, If the member is set with InActive status.Particular members fingerprints automatically removed from the device. And the Status in EcoImpression will be set to InActive. and process is vice-versa for Activation and DeActivation.  </p>', '', '1444933811', '2015-10-15 13:00:11'),
(863, 231, 1, 1, '', '', '1444937870', '2015-10-15 14:07:50'),
(864, 230, 1, 1, '<p>Support,</p><p>Please advise.<br/></p>', '', '1444937972', '2015-10-15 14:09:32'),
(865, 229, 1, 1, '', '', '1444937986', '2015-10-15 14:09:46'),
(866, 228, 1, 1, '', '', '1444937999', '2015-10-15 14:09:59'),
(867, 232, 1, 1, '', '', '1444940156', '2015-10-15 14:45:56'),
(868, 233, 8, 0, '<p>EG0022758 is her eco ID<br/></p>', '', '1444943203', '2015-10-15 15:36:43'),
(869, 233, 8, 0, '<p>sorry</p><p>$69.97 was charged twice. september and october. please refund both and cancel account</p>', '', '1444943427', '2015-10-15 15:40:27'),
(870, 232, 3, 6, '<p>I have processed the refund of $200 to Ashish Vora EG0015406.</p><p>Please verify and confirm us.</p>', '', '1445002608', '2015-10-16 08:06:48'),
(871, 231, 3, 6, '<p>Chris,</p><p>I have applied cancellation to Martin Hayford EG0012242 and system will charge on 10/21/2015 by considering 30days period and will cancel on 11/21/2015.</p><p>Please verify and confirm us.</p>', '', '1445003319', '2015-10-16 08:18:39'),
(872, 230, 4, 5, '<p>Chris,</p><p> For contracts members if membership in last month then freeze will not be allowed,  to allow freeze member need to renewal membership then apply.</p><p>Please let me know if you have quires</p>', '', '1445004205', '2015-10-16 08:33:25'),
(873, 229, 3, 5, '<p>Mathew Pelos EG0025357, will cancel on 11/14/2015 without flex billing, but system will charge $200 for cancellation on the same date.<br/></p><p>Please verify and let me know if you have any further questions.</p><p><br/></p>', '', '1445004213', '2015-10-16 08:33:33'),
(874, 223, 3, 6, '<p>Please close if everything looks good.</p>', '', '1445004296', '2015-10-16 08:34:56'),
(875, 222, 4, 5, '<p>Michael,</p><p> You can cancel membership and Reactivate with same ID , no need of creating again .</p><p>Once cancelled, you will have sign up option in member dashboard, This will not effect on finger prints, only status will be changed, once reactivated and moved to Join active system will allow member to access club.</p><p>Let me know if you have quires</p>', '', '1445004717', '2015-10-16 08:41:57'),
(876, 216, 3, 6, '<p>Chris,</p><p>I have processed refund of $39 to Lisa Sonnenberg EG0015418.</p><p>Please verify and confirm us.</p>', '', '1445004917', '2015-10-16 08:45:17'),
(877, 206, 3, 5, '<p>Chris,</p><p>There is no issue, system is working as expected. </p><p>The mentioned client purchased the package on &#34;2015-10-12 13:46:03.897&#34; and we are trying to sign off the session before her purchase date(10/7/15). Because of this the system is throwing an something went wrong exception.<br/></p><p>Please verify and let me know any further questions. </p>', '', '1445005415', '2015-10-16 08:53:35'),
(878, 163, 3, 6, '<p>Please let me know any further question on this ticket else close this.</p>', '', '1445005677', '2015-10-16 08:57:57'),
(879, 161, 3, 5, '<p>Chris,</p><p></p><p>For this member, membership is in last month and system will not allow freeze, to allow freeze member need to renewal membership then can apply.</p><div>Please let me know if you have any further questions.<p><br/></p></div>', '', '1445006132', '2015-10-16 09:05:32'),
(880, 154, 3, 6, '<p>Chris,</p><p>The amount $15.32 already refunded to Yong Ju Yoo EG0022829 and member is in complimentary.</p><p>Please verify and let me know if you have any questions else close this.</p>', '', '1445006345', '2015-10-16 09:09:05'),
(881, 45, 3, 6, '<p>Chris,</p><p>Member is going to cancel on 11/1/2015. Please let me know any queries.</p>', '', '1445006720', '2015-10-16 09:15:20'),
(882, 229, 8, 1, '<p>no $200 early termination fee. he has provided proof of relocation. he no longer lives in this state. he should not be billed at all anymore</p>', '', '1445006728', '2015-10-16 09:15:28'),
(883, 229, 3, 6, '<p>Removed cancellation fee, please verify and confirm us.</p>', '', '1445006869', '2015-10-16 09:17:49'),
(884, 229, 8, 3, '<p>from what I can see that looks fine. as long as he does not get billed again we are good. thank you very much. again, this was my mistake. if I had done this on time, this confusion would not exist</p>', '', '1445007004', '2015-10-16 09:20:04'),
(885, 227, 9, 3, '<p>all set</p>', '', '1445015159', '2015-10-16 11:35:59'),
(886, 237, 1, 1, '', '', '1445015187', '2015-10-16 11:36:27'),
(887, 233, 1, 1, '', '', '1445015551', '2015-10-16 11:42:31'),
(888, 233, 3, 6, '<p>I have processed refund of both transactions and moved to cancelled status.</p><p>Please verify and confirm us.</p>', '', '1445022077', '2015-10-16 13:31:17'),
(889, 233, 8, 3, '', '', '1445022784', '2015-10-16 13:43:04'),
(890, 236, 8, 0, '<p>I see he paid his $79 start up fee. that should not bee there . please remove</p>', '', '1445025028', '2015-10-16 14:20:28'),
(891, 237, 3, 6, '<p>I have processed refund of $78.97 to EG0034771 and moved to cancelled status.</p><p>Please verify and confirm us.</p>', '', '1445028148', '2015-10-16 15:12:28'),
(892, 234, 1, 1, '', '', '1445029389', '2015-10-16 15:33:09'),
(893, 235, 1, 1, '', '', '1445029421', '2015-10-16 15:33:41'),
(894, 237, 9, 3, '<p>all set</p>', '', '1445029846', '2015-10-16 15:40:46'),
(895, 234, 3, 6, '<p>I have processed refund of $139.94 to Angela Li EG0022759 and moved to cancelled status.</p><p>Please verify and confirm us.</p>', '', '1445029928', '2015-10-16 15:42:08'),
(896, 234, 8, 3, '<p>thanks</p>', '', '1445030038', '2015-10-16 15:43:58'),
(897, 235, 3, 6, '<p>I have processed refund of $146.91 to Blake Green EG0023522 and moved to cancelled status.</p><p>Please verify and confirm us.</p>', '', '1445030076', '2015-10-16 15:44:36'),
(898, 235, 8, 3, '', '', '1445030278', '2015-10-16 15:47:58'),
(899, 157, 3, 5, '<p>Michael,</p><p>This has been resloved in the last release (BUILD NO:2015.10.9.1).</p><p>Please verify and let me know any queries.</p>', '', '1445262101', '2015-10-19 08:11:41'),
(900, 242, 1, 4, '<p>Please work with Michael on this.<br/></p>', '', '1445284044', '2015-10-19 14:17:24'),
(901, 242, 8, 0, '<p>Ok so far I have not been able to reach Michael. if it helps though, please refer to ticket 229</p>', '', '1445284355', '2015-10-19 14:22:35'),
(902, 240, 1, 1, '<p>Support,</p><p>Please explain<br/></p>', '', '1445284511', '2015-10-19 14:25:11'),
(903, 241, 1, 1, '', '', '1445284534', '2015-10-19 14:25:34'),
(904, 240, 3, 5, '<p>Dylan,</p><p>Please provide the below steps to the member.</p><p>Click on <b>Cannot Access?</b> link, that provided in the main page.</p><p>Provide email / member number and the click on submit, system send the username to the provided email id.</p><p>If forgot password, use the link provided on the right corner of that page.</p><p>Let me know if still not able to login to the website.</p>', '', '1445287298', '2015-10-19 15:11:38'),
(905, 241, 3, 6, '<p>Removed declined transaction, please verify and confirm us.</p>', '', '1445287555', '2015-10-19 15:15:55'),
(906, 241, 8, 3, '', '', '1445294156', '2015-10-19 17:05:56'),
(907, 236, 8, 0, '<p>Please refund this member''s $79 start up fee. He came in with a mini membership pass and I told him that I would be waiving his start up fee</p>', '', '1445366117', '2015-10-20 13:05:17'),
(908, 232, 10, 1, '<p>confirmed</p>', '', '1445367038', '2015-10-20 13:20:38'),
(909, 231, 10, 1, '<p>please cancel WITHOUT additional fees</p>', '', '1445367069', '2015-10-20 13:21:09'),
(910, 223, 10, 3, '', '', '1445367087', '2015-10-20 13:21:27'),
(911, 216, 10, 1, '<p>confirmed</p>', '', '1445367106', '2015-10-20 13:21:46'),
(912, 215, 10, 1, '<p>confirmed</p>', '', '1445367122', '2015-10-20 13:22:02'),
(913, 212, 10, 1, '<p>confirmed</p>', '', '1445367189', '2015-10-20 13:23:09'),
(914, 211, 10, 3, '', '', '1445367222', '2015-10-20 13:23:42'),
(915, 210, 10, 3, '', '', '1445367232', '2015-10-20 13:23:52'),
(916, 209, 10, 3, '<p>confirmed</p>', '', '1445367251', '2015-10-20 13:24:11'),
(917, 208, 10, 3, '<p>confirmed</p>', '', '1445367272', '2015-10-20 13:24:32'),
(918, 204, 10, 3, '<p>confirmed<br/></p>', '', '1445367317', '2015-10-20 13:25:17'),
(919, 199, 10, 3, '<p>confirmed<br/></p>', '', '1445367334', '2015-10-20 13:25:34'),
(920, 196, 10, 3, '<p>confirmed<br/></p>', '', '1445367348', '2015-10-20 13:25:48'),
(921, 193, 10, 3, '<p>confirmed<br/></p>', '', '1445367361', '2015-10-20 13:26:01'),
(922, 240, 8, 1, '<p>everything works now thanks. for some reason I cannot click my &#34;close ticket&#34; button. can you close on your end?</p>', '', '1445367369', '2015-10-20 13:26:09'),
(923, 190, 10, 3, '<p>confirmed<br/></p>', '', '1445367390', '2015-10-20 13:26:30'),
(924, 186, 10, 3, '<p>confirmed<br/></p>', '', '1445367433', '2015-10-20 13:27:13'),
(925, 180, 10, 3, '<p>confirmed<br/></p>', '', '1445367453', '2015-10-20 13:27:33'),
(926, 167, 10, 3, '<p>confirmed<br/></p>', '', '1445367509', '2015-10-20 13:28:29'),
(927, 164, 10, 3, '<p>confirmed<br/></p>', '', '1445367525', '2015-10-20 13:28:45'),
(928, 163, 10, 3, '<p>confirmed<br/></p>', '', '1445367550', '2015-10-20 13:29:10'),
(929, 154, 10, 3, '<p>confirmed<br/></p>', '', '1445367567', '2015-10-20 13:29:27'),
(930, 153, 10, 3, '<p>confirmed<br/></p>', '', '1445367583', '2015-10-20 13:29:43'),
(931, 151, 10, 3, '<p>confirmed<br/></p>', '', '1445367595', '2015-10-20 13:29:55'),
(932, 45, 10, 3, '<p>confirmed<br/></p>', '', '1445367616', '2015-10-20 13:30:16'),
(933, 44, 10, 3, '<p>confirmed<br/></p>', '', '1445367641', '2015-10-20 13:30:41'),
(934, 240, 3, 6, '<p>Unfortunately support team doesn''t have the close option, Please close it now.</p>', '', '1445369267', '2015-10-20 13:57:47'),
(935, 232, 3, 6, '<p>Thank you for the confirmation, please close this.</p>', '', '1445369317', '2015-10-20 13:58:37'),
(936, 240, 8, 3, '', '', '1445369578', '2015-10-20 14:02:58'),
(937, 231, 3, 5, '<p>System will charge for fixed plan by considering 30days notice period and there are no any additional charges.</p><p>Please verify and let me know any questions.</p>', '', '1445369609', '2015-10-20 14:03:29'),
(938, 216, 3, 6, '<p>Thank you for the confirmation, please close this.<br/></p>', '', '1445369649', '2015-10-20 14:04:09'),
(939, 215, 3, 6, '<p>Thank you for the confirmation, please close this.<br/></p>', '', '1445369684', '2015-10-20 14:04:44'),
(940, 212, 3, 6, '<p>Thank you for the confirmation, please close this.<br/></p>', '', '1445369710', '2015-10-20 14:05:10'),
(941, 236, 8, 0, '<p>any word? I have been unable to reach Michael</p>', '', '1445370181', '2015-10-20 14:13:01'),
(942, 255, 1, 1, '<p>Support,</p><p>Please confirm what system can support before any action.<br/></p>', '', '1445442241', '2015-10-21 10:14:01'),
(943, 254, 1, 1, '<p>Support,</p><p>Please explain how system works before any action.<br/></p>', '', '1445442281', '2015-10-21 10:14:41'),
(944, 253, 1, 1, '', '', '1445442302', '2015-10-21 10:15:02'),
(945, 252, 1, 1, '', '', '1445442316', '2015-10-21 10:15:16'),
(946, 251, 1, 1, '<p>Support,</p><p>Please explain how system works before any action and make sure this to be done by the managers, we don''t support this from the backend.<br/></p>', '', '1445442390', '2015-10-21 10:16:30'),
(947, 250, 1, 1, '', '', '1445442473', '2015-10-21 10:17:53'),
(948, 249, 1, 1, '', '', '1445442486', '2015-10-21 10:18:06'),
(949, 248, 1, 1, '', '', '1445442659', '2015-10-21 10:20:59'),
(950, 245, 1, 1, '', '', '1445442754', '2015-10-21 10:22:34'),
(951, 254, 3, 5, '<p>Phil,</p><p>Unfreezed the member EG0034605 today (10/21/2015), the next bill date is 11/17/2015, on this date system will charge for flex plan based on workouts.</p><p>Please let me know any questions.</p>', '', '1445445491', '2015-10-21 11:08:11'),
(952, 252, 3, 6, '<p>I have processed refund of $58 (39+19) to Erica Conway EG0015248, please verify and confirm us.</p>', '', '1445445968', '2015-10-21 11:16:08'),
(953, 251, 3, 5, '<p>Dylan,</p><p>Member registered with M2M complimentary category, so this member will not expire untill unless we apply cancellation.</p><p>Please apply cancelation from your end after 2/20/2015, then system will consider 30days billing period and will cancel on 4/19/2015.</p>', '', '1445446502', '2015-10-21 11:25:02'),
(954, 251, 8, 1, '<p>ok thanks</p>', '', '1445446697', '2015-10-21 11:28:17'),
(955, 249, 3, 6, '<p>I have processed refund of $30 to Jake Cuvala EG0014097, please verify and confirm us.</p>', '', '1445447124', '2015-10-21 11:35:24'),
(956, 248, 3, 6, '<p>Added 7 workouts to Kyle Rosales EG0014087, please verify and confirm us.</p>', '', '1445447315', '2015-10-21 11:38:35'),
(957, 255, 3, 6, '<p>Amar,</p><p>This category was created previously and updated from backend while introducing the categories to the system, because of this system not populating the cancellation fee for this category.<br/></p><p>As per the request updated the early termination fee as $200 from backend.</p><p>Please let me know any questions.</p>', '', '1445448708', '2015-10-21 12:01:48'),
(958, 251, 3, 6, '<p>Please take care to cancel and let me know any questions else close this ticket.</p>', '', '1445448799', '2015-10-21 12:03:19'),
(959, 245, 3, 6, '<p>I have processed refund of $60 to Beth Kohorn EG0011353 and moved to cancelled status.</p><p>Please verify and confirm us.</p>', '', '1445449440', '2015-10-21 12:14:00'),
(960, 255, 9, 1, '<p>Thank you. All set. Will the $200 be charged on effective cancellation date of 11/29/15? Please advise. </p>', '', '1445449525', '2015-10-21 12:15:25'),
(961, 254, 9, 1, '<p>sounds good! thank you</p>', '', '1445449546', '2015-10-21 12:15:46'),
(962, 255, 3, 6, '<p>Yes, system will collect the amount on cancellation date 11/30/2015.</p>', '', '1445449718', '2015-10-21 12:18:38'),
(963, 254, 3, 6, '<p>Please close if everything looks good.</p>', '', '1445449750', '2015-10-21 12:19:10'),
(964, 251, 8, 3, '', '', '1445449920', '2015-10-21 12:22:00'),
(965, 255, 9, 3, '', '', '1445449948', '2015-10-21 12:22:28'),
(966, 254, 9, 3, '', '', '1445449957', '2015-10-21 12:22:37'),
(967, 250, 8, 1, '<p>I have had a member contact me already today wanting to get his prints activated. member is Ron Losoya EG0025646. please advise</p>', '', '1445529907', '2015-10-22 10:35:07'),
(968, 264, 11, 4, '<p><span style="color: rgb(51, 51, 51);float: none;background-color: rgb(246, 248, 248);">Charlie Radeke''s PIN is 2486 in Database, Not 2690 .</span><br/></p><p>Now the fingerprints should be in both Naperville and plainfield. but use 2486 PIN.</p>', '', '1445839048', '2015-10-26 00:27:28'),
(969, 258, 11, 4, '<p><span style="color: rgb(51, 51, 51);float: none;background-color: rgb(246, 248, 248);">DJ Arrigo EG0024232 is showing ''InActive'' in membership table in EcoImpression. But fingerprints made active.</span><br/></p>', '', '1445839413', '2015-10-26 00:33:33'),
(970, 257, 11, 4, '<p>Julie Fords status is InActive in membership table , please make sure its made Active from Ecogym side . </p>', '', '1445839604', '2015-10-26 00:36:44'),
(971, 250, 11, 5, '<p>please take the screen shot of the problem attach and send it to george.rosario@vaazu.com</p>', '', '1445839846', '2015-10-26 00:40:46'),
(972, 250, 11, 6, '<p>camera issue is been resolved!</p><p><br/></p>', '', '1445840100', '2015-10-26 00:45:00'),
(973, 238, 11, 4, '<p>issue is fixed.</p>', '', '1445840238', '2015-10-26 00:47:18'),
(974, 238, 11, 6, '', '', '1445840244', '2015-10-26 00:47:24'),
(975, 228, 11, 5, '<p>Will stay Active</p>', '', '1445840334', '2015-10-26 00:48:54'),
(976, 228, 11, 6, '', '', '1445840338', '2015-10-26 00:48:58'),
(977, 150, 11, 5, '<p>please dont try to re-enroll , Now <span style="color: rgb(51, 51, 51);float: none;background-color: rgb(246, 248, 248);">Vannessa Hernandez EG0012326 has access to both Naperville and plainfield facility.</span></p>', '', '1445840991', '2015-10-26 00:59:51'),
(978, 150, 11, 6, '', '', '1445840995', '2015-10-26 00:59:55'),
(979, 258, 8, 0, '<p>I see he is active on my end</p>', '', '1445871081', '2015-10-26 09:21:21'),
(980, 250, 8, 3, '<p>thank you, George</p>', '', '1445871137', '2015-10-26 09:22:17'),
(981, 257, 8, 0, '<p>I see active on my end</p>', '', '1445871159', '2015-10-26 09:22:39'),
(982, 264, 13, 0, '<p>Thank you. Were the 24 visits added to the current pay period (10/01 - 10/31, wherever dates are available). </p><p>-rob</p>', '', '1445892577', '2015-10-26 15:19:37'),
(983, 266, 11, 4, '<p>Issue is fixed and PIN is re-synced  2532</p>', '', '1445922167', '2015-10-26 23:32:47'),
(984, 266, 11, 6, '', '', '1445922173', '2015-10-26 23:32:53'),
(985, 264, 11, 4, '<p>@Rob please contact ecogym team to add workouts.</p>', '', '1445922310', '2015-10-26 23:35:10'),
(986, 258, 11, 4, '<p><span style="color: rgb(51, 51, 51);float: none;background-color: rgb(246, 248, 248);">DJ Arrigo EG0024232 is made Active</span><br/></p>', '', '1445923045', '2015-10-26 23:47:25'),
(987, 258, 11, 6, '', '', '1445923051', '2015-10-26 23:47:31'),
(988, 257, 11, 4, '<p><span style="color: rgb(51, 51, 51);float: none;background-color: rgb(246, 248, 248);">Julie Ford EG0022635 is made Active</span><br/></p>', '', '1445923183', '2015-10-26 23:49:43'),
(989, 257, 11, 6, '', '', '1445923193', '2015-10-26 23:49:53'),
(990, 264, 13, 0, '<p>okay </p><p>thanks</p><p>-rob</p>', '', '1445943601', '2015-10-27 05:30:01'),
(991, 264, 1, 1, '', '', '1445951832', '2015-10-27 07:47:12'),
(992, 261, 1, 1, '<p>Support,</p><p>Please verify the issue before doing the change<br/></p>', '', '1445952090', '2015-10-27 07:51:30'),
(993, 262, 1, 1, '', '', '1445952111', '2015-10-27 07:51:51'),
(994, 263, 1, 1, '<p>Support,</p><p>Please verify the issue before doing the change</p>', '', '1445952130', '2015-10-27 07:52:10'),
(995, 259, 1, 1, '', '', '1445952245', '2015-10-27 07:54:05'),
(996, 260, 1, 1, '', '', '1445952254', '2015-10-27 07:54:14'),
(997, 256, 1, 1, '', '', '1445952557', '2015-10-27 07:59:17'),
(998, 244, 1, 1, '<p>Support,</p><p>Please verify the issue before doing the change</p>', '', '1445952596', '2015-10-27 07:59:56'),
(999, 246, 1, 1, '<div class="panel-body ng-binding"><p>Support,</p><p>Please verify the issue before doing the change</p></div>', '', '1445953005', '2015-10-27 08:06:45'),
(1000, 247, 1, 1, '<div class="panel-body ng-binding"><p>Support,</p><p>Please verify the issue before doing the change</p></div>', '', '1445953014', '2015-10-27 08:06:54'),
(1001, 239, 1, 1, '', '', '1445953027', '2015-10-27 08:07:07'),
(1002, 264, 3, 6, '<p>Rob,</p><p>Added 24 workouts to EG0014512 Charlie Radeke, please verify and confirm us.</p>', '', '1445954150', '2015-10-27 08:25:50');
INSERT INTO `tickets_status` (`id`, `tid`, `uid`, `status`, `message`, `attachments_id`, `time`, `date`) VALUES
(1003, 263, 3, 5, '<p>Phil,</p><p>System not charged $29 on 10/20/2015 since the member already paid that enhancement fee on 4/16/2015 (refer under Account History).</p><p>Please provide the copy of that bank statement then we can verify and confirm on that.( send by mail)</p>', '', '1445954816', '2015-10-27 08:36:56'),
(1004, 236, 1, 4, '<p>Please contact Michael on this.<br/></p>', '', '1445955168', '2015-10-27 08:42:48'),
(1005, 242, 1, 4, '<p>Please contact or email Michael on this<br/></p>', '', '1445955196', '2015-10-27 08:43:16'),
(1006, 265, 1, 1, '<p>Support,</p><p>Please take a look.<br/></p>', '', '1445955234', '2015-10-27 08:43:54'),
(1007, 267, 1, 1, '', '', '1445955253', '2015-10-27 08:44:13'),
(1008, 267, 3, 5, '<p>Rob,</p><p>I have added workouts for this member based on Ticket-264, we can continue our conversation in the same ticket till closed.</p><p>On the workouts tab, system will reflect the changes but this member is in free membership, system will not charge based on workouts, you can check the next billing date in the home page of that member.</p><p>Please verify and let me know any questions.</p>', '', '1445956595', '2015-10-27 09:06:35'),
(1009, 265, 3, 5, '<p>Rob,</p><p>This issue has been fixed and will release to production, till that please contact Maggie, as I already explained how to handle this reactivation of expired session.</p><p>And let me know if you have any questions.</p>', '', '1445956773', '2015-10-27 09:09:33'),
(1010, 262, 3, 6, '<p>Member Seema Bendre EG0022361 moved to cancelled status.</p><p>Please verify and confirm us.</p>', '', '1445959180', '2015-10-27 09:49:40'),
(1011, 261, 3, 6, '<p>This is the previous category and doesn''t have any cancellation charges (updated manually)</p><p>Member''s last flex billing is on 11/26/2015, by considering 30days billing period and system will charge the cancellation fee on the same day.</p><p>Please verify and let me know any questions.</p>', '', '1445960201', '2015-10-27 10:06:41'),
(1012, 260, 3, 5, '<p>Phil,</p><p>System will not change $30 on 11/10/2015 and will be charged on 12/10/2015. If member wants to remove that add-on service, please follow below steps to perform from your end.</p><p>Goto the home page of the member -&gt; goto Payment &amp; Billing -&gt; click on Additional Services tab -&gt; click on Next button -&gt; uncheck IsM2M check box.</p><p>System will automatically update the end date of that add-on service as 12/10/2015, so system will not charge further.</p><p>Please let me know if you have any difficulty.</p>', '', '1445960581', '2015-10-27 10:13:01'),
(1013, 262, 8, 3, '<p>yes thank you</p>', '', '1445962201', '2015-10-27 10:40:01'),
(1014, 258, 8, 3, '', '', '1445962214', '2015-10-27 10:40:14'),
(1015, 257, 8, 3, '', '', '1445962293', '2015-10-27 10:41:33'),
(1016, 259, 3, 6, '<p>System will not charge on 11/10/2015 and will terminate on 12/10/2015.</p><p>Please verify and confirm us.</p>', '', '1445966172', '2015-10-27 11:46:12'),
(1017, 256, 3, 6, '<p>Applied freeze for membership from 11/8-12/8 and will charge $15 for freeze fee.</p><p>Please verify and confirm us.</p><p><br/></p>', '', '1445966784', '2015-10-27 11:56:24'),
(1018, 247, 3, 5, '<p>Removed declined transaction and member will not expire on 11/2/2015, since the membership was M2M category.</p><p>If member wants to expire, please apply cancellation from your end then system will cancel that member by considering 30days billing period.</p><p>Please let me know any questions.</p>', '', '1445969601', '2015-10-27 12:43:21'),
(1019, 246, 3, 6, '<p>Member EG0035393 status moved to cancelled.</p><p>Please verify and confirm us.</p>', '', '1445970215', '2015-10-27 12:53:35'),
(1020, 244, 3, 6, '<p>System was charged $30 on 5/29/2015 and refunded that amount manually on 6/3/2015.</p><p>Now I have processed refund of  last 2 transactions of $30 (charged on 8/29 and 9/29).</p><p>Please verify and confirm us.</p>', '', '1445970998', '2015-10-27 13:06:38'),
(1021, 239, 3, 6, '<p>Member will cancel on 11/11/2015.</p><p>Please verify and confirm us.</p>', '', '1445972200', '2015-10-27 13:26:40'),
(1022, 236, 1, 1, '', '', '1445972751', '2015-10-27 13:35:51'),
(1023, 242, 1, 1, '', '', '1445972782', '2015-10-27 13:36:22'),
(1024, 268, 1, 1, '', '', '1445972796', '2015-10-27 13:36:36'),
(1025, 269, 1, 1, '', '', '1445972807', '2015-10-27 13:36:47'),
(1026, 270, 1, 1, '', '', '1445972815', '2015-10-27 13:36:55'),
(1027, 236, 3, 4, '<p>Dylan,</p><p>System charged according to the category. ($79 as biometric/service fee and $49 +$49 for fixed first &amp; last month due)</p><p> Please contact Michael to get approval on this.</p>', '', '1445973233', '2015-10-27 13:43:53'),
(1028, 242, 3, 5, '<p>Dylan,</p><p>As per ticket-229, member is going to cancel without any charge (removed cancellation fee) but system charged enhancement fee based on Michael approval.</p><p>Please contact Michael to refund that amount.</p>', '', '1445973640', '2015-10-27 13:50:40'),
(1029, 268, 3, 6, '<p>Added 1 workout.</p><p>Please verify and confirm us.</p>', '', '1445973871', '2015-10-27 13:54:31'),
(1030, 236, 8, 0, '<p>I am waiting for Michael to email me back thanks</p>', '', '1445974719', '2015-10-27 14:08:39'),
(1031, 263, 9, 1, '<p>Member lives in Chicago and sent me bank statement via screen shot on Phone. I can email to Deepika for referencing. I do not need to have client mail me a copy of the bank statement to then re mail it to you guys. Sending email now. Thank you</p>', '', '1445976013', '2015-10-27 14:30:13'),
(1032, 261, 9, 3, '<p>all set! Thanks </p>', '', '1445976238', '2015-10-27 14:33:58'),
(1033, 260, 9, 1, '<p>Are you saying system is not set to bill on 11/10 (&#34;System will not change $30 on 11/10/2015 and will be charged on 12/10/2015&#34;)</p><p> or it is and it can not be change? If it can not be changed, please see below. </p><p><br/></p><p>I understand how to remove add on service and I have already done so and 30 days notice was given already in due time just not updated in the system. I need to make sure this service is not billed on 11/10 as it was not authorized by customer. Please make sure member is not billed the $30 on 11/10/15. Thank you. </p>', '', '1445977140', '2015-10-27 14:49:00'),
(1034, 259, 9, 3, '<p>all set! Thank you</p>', '', '1445977160', '2015-10-27 14:49:20'),
(1035, 256, 9, 3, '<p>all set! Thank you</p>', '', '1445977181', '2015-10-27 14:49:41'),
(1036, 247, 9, 1, '<p>am working with member to renew before 11/2/15. Thank you</p>', '', '1445977409', '2015-10-27 14:53:29'),
(1037, 244, 9, 3, '<p>thank you. all set</p>', '', '1445981073', '2015-10-27 15:54:33'),
(1038, 246, 9, 3, '<p>all set, but please make sure this member is not on a inactive yellow (one to two declines in billing history) moving forward. Just cancelled in system please. Thank you</p>', '', '1445983120', '2015-10-27 16:28:40'),
(1039, 270, 11, 6, '<p><span style="color: rgb(51, 51, 51);float: none;background-color: rgb(246, 248, 248);">Tyler Nichols EG0035006 is given access to both Naperville and Plainfield</span><br/></p>', '', '1446011487', '2015-10-28 00:21:27'),
(1040, 269, 11, 6, '<p><span style="color: rgb(51, 51, 51);float: none;background-color: rgb(246, 248, 248);">Craig Brzezinski EG0015369  have access both to naperville and plainfield</span><br/></p>', '', '1446012088', '2015-10-28 00:31:28'),
(1041, 273, 1, 1, '', '', '1446038253', '2015-10-28 07:47:33'),
(1042, 274, 1, 1, '<p>@Support, please explain about 14day cancellation.</p>', '', '1446038449', '2015-10-28 07:50:49'),
(1043, 275, 1, 1, '', '', '1446038676', '2015-10-28 07:54:36'),
(1044, 247, 3, 5, '<p>Phil, </p><p>System will not provide renewal option for M2M category, membership will be continued until applied for cancellation.</p><p>Please let me know any questions.</p>', '', '1446039060', '2015-10-28 08:01:00'),
(1045, 260, 3, 6, '<p>Phil,</p><p>No further billings for add-on service.</p><p>Please verify and let me know any questions.</p>', '', '1446039388', '2015-10-28 08:06:28'),
(1046, 263, 3, 5, '<p>The card ending with 6086 hs been used and the amount $29 charged for EG0034950 as enhancement fee on 10/16/2015. We have verified with the credit card ending with 6086 in authorize account and found transaction id and date as 7626625967 , 10/16/2015 </p><p>Please check under account history of EG0034950 and let me know any questions.</p>', '', '1446045318', '2015-10-28 09:45:18'),
(1047, 275, 3, 5, '<p>I have voided the transaction $59, since it was in pending status and currently member is in InActive status.</p><p>Now you can re run the declined payment with card ending 0259. After successful payment, status will be moved to Join Active automatically.</p><p>Please verify and let me know any questions.</p>', '', '1446045999', '2015-10-28 09:56:39'),
(1048, 274, 3, 5, '<p>Member Roberto Gutierrez EG0015589 joined on 9/23/2015 for first time and applied for cancellation within 14days, so system refunded that amount and moved to cancelled status.</p><p>Again member joined on 10/5/2015, and applied for cancellation on 10/13/15. As per Ecogym policies system will refund the amount for 14day cancellation for first time only.</p><p>For the second time cancellation (within 14days), system will consider as 30days billing period and will cancel that membership as normal process. Member is going to cancel on 12/5/2015.</p><p><br/></p><p>Please verify and let me know any queries.</p>', '', '1446046594', '2015-10-28 10:06:34'),
(1049, 273, 3, 6, '<p>I have processed refund of last two transactions ($49 + $29) and member status moved to cancelled.</p><p>Please verify and confirm us.</p>', '', '1446047511', '2015-10-28 10:21:51'),
(1050, 275, 9, 1, '<p>all set! thank you</p>', '', '1446050510', '2015-10-28 11:11:50'),
(1051, 263, 9, 1, '<p>stand by</p>', '', '1446051152', '2015-10-28 11:22:32'),
(1052, 263, 9, 1, '<p>Member in question is actually member ID EG0034949 (Kiran Shaikh) not EG0034903. Her account has been cancelled due to relocation and the mother''s account was charged on her card ending 6086 for club enhancement due. My apologies. </p>', '', '1446051468', '2015-10-28 11:27:48'),
(1053, 260, 9, 3, '<p>thank you. all set!</p>', '', '1446051520', '2015-10-28 11:28:40'),
(1054, 275, 3, 6, '<p>Please close if all set.</p><p>Thankyou.</p>', '', '1446055662', '2015-10-28 12:37:42'),
(1055, 263, 3, 6, '<p>Please close if it resolved.</p><p>Thankyou.</p><p><br/></p>', '', '1446055738', '2015-10-28 12:38:58'),
(1056, 277, 3, 6, '<p>Michael,</p><p>Can register the member with complimentary category, at the time of registration can choose M2M category ( If providing complimentary through out the membership) or can choose duration type category ( if providing complimentary for limited time, <b>in this case need to uncheck auto renewal checkbox in account summary page</b>).</p><p>Please let me know any queries.</p>', '', '1446056075', '2015-10-28 12:44:35'),
(1057, 278, 3, 6, '<p>Michael,</p><p>Can register the member with complimentary category, at the time of registration can choose M2M category ( If providing complimentary through out the membership) or can choose duration type category ( if providing complimentary for limited time, <b>in this case need to uncheck auto renewal checkbox in account summary page</b>).</p><p>Please let me know any queries.<br/></p>', '', '1446056206', '2015-10-28 12:46:46'),
(1058, 263, 9, 3, '<p>This ticket is finished. Please check newest ticket for member issue relating to EG0034903. Thank you</p>', '', '1446056593', '2015-10-28 12:53:13'),
(1059, 247, 9, 1, '<p>ok, I will cancel, but am not able to charge any last months dues due to not having a CC on file. I would like member to be cancelled on 11/2/15. Thank you</p>', '', '1446056812', '2015-10-28 12:56:52'),
(1060, 247, 9, 1, '<p>I am also not able to cancel on my end due to customer being on a cash option. Please advise. </p>', '', '1446056873', '2015-10-28 12:57:53'),
(1061, 275, 9, 3, '', '', '1446072591', '2015-10-28 17:19:51'),
(1062, 173, 9, 1, '<p>Michael and Maggie have handled this with a check mailed to customer. Thank you</p>', '', '1446072675', '2015-10-28 17:21:15'),
(1063, 197, 11, 5, '<p>@chris No we cant simply edit the member-ID , because it may be assigned to someone else. I will re-sync prints from my side , if it doesn''t work , try to update her fingerprints.</p>', '', '1446093651', '2015-10-28 23:10:51'),
(1064, 279, 11, 6, '<p class="p1" style="color: rgb(51, 51, 51);background-color: rgb(246, 248, 248);">Bianca Rivera EG0034922</p><p class="p1" style="color: rgb(51, 51, 51);background-color: rgb(246, 248, 248);">Teague Sullivan EG0035457 </p><p class="p1" style="color: rgb(51, 51, 51);background-color: rgb(246, 248, 248);">Now have access to Naperville and plainfield facilities.</p>', '', '1446096922', '2015-10-29 00:05:22'),
(1065, 280, 11, 6, '<p><span style="color: rgb(51, 51, 51);float: none;background-color: rgb(246, 248, 248);">Ivan Sarabia EG0034230 is given access to both Naperville and Plainfield facility .</span><br/></p>', '', '1446097741', '2015-10-29 00:19:01'),
(1066, 276, 1, 1, '', '', '1446126114', '2015-10-29 08:11:54'),
(1067, 281, 1, 1, '', '', '1446126219', '2015-10-29 08:13:39'),
(1068, 282, 1, 1, '<p>@Support,</p><p>Please find root cause before doing any changes.</p>', '', '1446126320', '2015-10-29 08:15:20'),
(1069, 271, 1, 4, '<p>Phil,</p><p>As per the statement &#34;Member EG0033677 is not responsible per my approval for remaining charges&#34;, what does mean by remaining charges?</p>', '', '1446126657', '2015-10-29 08:20:57'),
(1070, 272, 1, 1, '', '', '1446126898', '2015-10-29 08:24:58'),
(1071, 285, 1, 1, '', '', '1446138837', '2015-10-29 11:43:57'),
(1072, 272, 3, 6, '<p>Phil,</p><p>Removed declined payment and moved to Join Active status.</p><p>Please verify and confirm us.</p>', '', '1446139688', '2015-10-29 11:58:08'),
(1073, 173, 3, 6, '<p>Phil,</p><p>Please close this ticket if everything resolved.</p>', '', '1446139769', '2015-10-29 11:59:29'),
(1074, 247, 3, 6, '<p>Will handle this time and please register member with card on file in future.</p><p>Please verify this member status on 11/2/15 and then confirm us.</p><p>Thankyou.</p>', '', '1446140114', '2015-10-29 12:05:14'),
(1075, 276, 3, 6, '<p>Applied $200 as early termination fee.</p><p>Please verify and confirm us.</p>', '', '1446140581', '2015-10-29 12:13:01'),
(1076, 281, 3, 5, '<p>System not charged $29 on 10/20/2015, you sent the attachment of Bank Statement for Kiran Shaikh EG0034949 and it was related to ticket # 263.</p><p>For this member -EG0034903, system already charged $29 on 4/16/2015 (check under Account History) and please provide the credit card details (last 4 digits) to verify in authorize account.</p>', '', '1446141334', '2015-10-29 12:25:34'),
(1077, 282, 3, 6, '<p>System already refunded the amount for the same card. </p><p>Please find the attachment sent over the mail and let me know your comments.</p>', '', '1446142010', '2015-10-29 12:36:50'),
(1078, 281, 9, 0, '<p>see email sent please. </p>', '', '1446143148', '2015-10-29 12:55:48'),
(1079, 271, 9, 0, '<p>Please remove decline charges and cancel the account. I can not put through cancel request on website because of the decline payments on account history. Thank you</p>', '', '1446143349', '2015-10-29 12:59:09'),
(1080, 272, 9, 3, '<p>all set</p>', '', '1446143360', '2015-10-29 12:59:20'),
(1081, 247, 9, 1, '<p>Member is coming into club 10/30 to sign up using Credit Card for future membership. I will check status and look to reactivate with new Credit card. Thank you</p>', '', '1446143771', '2015-10-29 13:06:11'),
(1082, 173, 9, 3, '', '', '1446143806', '2015-10-29 13:06:46'),
(1083, 284, 3, 6, '<p>I have processed refund of $79 to Ron Losoya EG0025646.</p><p>Please verify and confirm us.</p>', '', '1446145695', '2015-10-29 13:38:15'),
(1084, 285, 3, 6, '<p>I have processed refund of $229 to Brady Nagel EG0025152 and status moved to cancelled for no further billings.</p><p>Please verify and confirm us.</p>', '', '1446149223', '2015-10-29 14:37:03'),
(1085, 236, 1, 1, '', '', '1446149304', '2015-10-29 14:38:24'),
(1086, 236, 3, 6, '<p>Dylan,</p><p>I have processed refund amount $79 to Ron Losoya EG0025646 by the approval of Michael.</p><p>Please veridy and confirm while closing this.</p>', '', '1446149470', '2015-10-29 14:41:10'),
(1087, 247, 3, 5, '<p>Please let us know whether this member is going to continue with current membership or signing up with another account. Then only we can move forward to cancel this account.</p><p><br/></p>', '', '1446149882', '2015-10-29 14:48:02'),
(1088, 271, 1, 1, '', '', '1446150073', '2015-10-29 14:51:13'),
(1089, 281, 9, 0, '<p>all set here.</p>', '', '1446152711', '2015-10-29 15:35:11'),
(1090, 282, 10, 3, '', '', '1446153320', '2015-10-29 15:45:20'),
(1091, 276, 10, 3, '', '', '1446153329', '2015-10-29 15:45:29'),
(1092, 273, 10, 3, '', '', '1446153346', '2015-10-29 15:45:46'),
(1093, 270, 10, 3, '', '', '1446153356', '2015-10-29 15:45:56'),
(1094, 269, 10, 3, '', '', '1446153393', '2015-10-29 15:46:33'),
(1095, 268, 10, 1, '<p>Faith''s workout are not not being registered in Naperville. She visited the club Oct 26, 27, and 28th without reflection of Workouts on her Flex plan.</p><p>She was entered/loaded into Plainfield and Naperville EcoImpressions. Can this be a reason for the mishap?..</p><p><br/></p><p>-Chris</p>', '', '1446153516', '2015-10-29 15:48:36'),
(1096, 252, 10, 3, '', '', '1446153535', '2015-10-29 15:48:55'),
(1097, 249, 10, 3, '', '', '1446153552', '2015-10-29 15:49:12'),
(1098, 248, 10, 3, '', '', '1446153563', '2015-10-29 15:49:23'),
(1099, 264, 13, 3, '', '', '1446153615', '2015-10-29 15:50:15'),
(1100, 245, 10, 3, '', '', '1446153623', '2015-10-29 15:50:23'),
(1101, 274, 10, 1, '<p>Need to make an exception here.</p>', '', '1446153700', '2015-10-29 15:51:40'),
(1102, 285, 8, 3, '<p>thank you</p>', '', '1446153801', '2015-10-29 15:53:21'),
(1103, 231, 10, 1, '<p>Fine</p>', '', '1446153805', '2015-10-29 15:53:25'),
(1104, 230, 10, 1, '<p>Should I cancel or move to Complimentary?</p>', '', '1446153839', '2015-10-29 15:53:59'),
(1105, 236, 8, 3, '<p>thank you</p>', '', '1446153868', '2015-10-29 15:54:28'),
(1106, 206, 10, 1, '<p>Ok</p>', '', '1446153880', '2015-10-29 15:54:40'),
(1107, 197, 10, 1, '<p>completed</p>', '', '1446153895', '2015-10-29 15:54:55'),
(1108, 161, 10, 1, '<p>Should I move to complimentary to override system?</p>', '', '1446153921', '2015-10-29 15:55:21'),
(1109, 239, 10, 3, '', '', '1446154037', '2015-10-29 15:57:17'),
(1110, 232, 10, 3, '', '', '1446154106', '2015-10-29 15:58:26'),
(1111, 216, 10, 3, '', '', '1446154118', '2015-10-29 15:58:38'),
(1112, 215, 10, 3, '', '', '1446154128', '2015-10-29 15:58:48'),
(1113, 213, 10, 3, '', '', '1446154144', '2015-10-29 15:59:04'),
(1114, 212, 10, 3, '', '', '1446154157', '2015-10-29 15:59:17'),
(1115, 205, 10, 3, '', '', '1446154168', '2015-10-29 15:59:28'),
(1116, 179, 10, 1, '<p>Has this been completed?</p>', '', '1446154193', '2015-10-29 15:59:53'),
(1117, 150, 10, 3, '', '', '1446154252', '2015-10-29 16:00:52'),
(1118, 274, 3, 6, '<p>I have processed refund amount $59 and status moved to cancelled.</p><p>Please verify and confirm us while closing this ticket.</p>', '', '1446154278', '2015-10-29 16:01:18'),
(1119, 271, 3, 6, '<p>Moved to cancelled status.</p><p>Please verify and confirm us.</p>', '', '1446154667', '2015-10-29 16:07:47'),
(1120, 231, 3, 6, '<p>Please close if it resolved.</p><p>Thank you.</p>', '', '1446154833', '2015-10-29 16:10:33'),
(1121, 230, 3, 5, '<p>Chris,</p><p>This member''s membership is going to expire on 11/8/2015. Need renewal to apply freeze.</p><p>Please let me know if you have quires.<br/></p><p><br/></p>', '', '1446155049', '2015-10-29 16:14:09'),
(1122, 206, 3, 6, '<p>Please close this if it resolved.</p>', '', '1446155089', '2015-10-29 16:14:49'),
(1123, 179, 3, 5, '<p>Chris,</p><p>I apologize for this delay reply. Please let me know, if you want me to add those 5 workouts for this current billing period or can I add for the previous billing and can credit the difference amount.</p>', '', '1446155378', '2015-10-29 16:19:38'),
(1124, 161, 3, 5, '<p>Chris,</p><p>You can use change plan to move complimentary or can renew the membership to apply freeze.</p><p>Please let me know any questions.</p>', '', '1446155526', '2015-10-29 16:22:06'),
(1125, 266, 12, 3, '', '', '1446157161', '2015-10-29 16:49:21'),
(1126, 287, 11, 4, '<p><span style="color: rgb(51, 51, 51);float: none;background-color: rgb(246, 248, 248);">Shelly Cinnamon EG0035496 can access both Naperville and plainfield.</span><br/></p>', '', '1446180113', '2015-10-29 23:11:53'),
(1127, 287, 11, 6, '', '', '1446180117', '2015-10-29 23:11:57'),
(1128, 197, 11, 5, '<p>if finger print is updated , please check the ID on Device when she authenticates.  </p>', '', '1446209826', '2015-10-30 07:27:06'),
(1129, 268, 4, 6, '<p>Chris,</p><p> I see only check out been there for the above member on 26,28  dates, there is no check in , because of it system had not given workouts.</p><p>Please open a ticket for EI team,  to push Print to both location of above member number</p><p> </p>', '', '1446213144', '2015-10-30 08:22:24'),
(1130, 253, 4, 5, '<p>Chris,</p><p> I am confuse on above comments, please clarify us.</p><p>Web &amp; Mobile view should be same </p><p><span style="color: rgb(108, 150, 28);float: none;background-color: rgb(255, 255, 255);"><b>Hours of operation : </b></span></p><ul class="findclube" style="color: rgb(112, 112, 112);background-color: rgb(255, 255, 255);"><li class="fb"><b>OPEN 24 HOURS</b></li><li class="greeenText fb" style="color: rgb(108, 150, 28);"><b>Staff Hours</b></li><li>Mon-Thurs: 11am-7pm</li><li>Friday: 11am-5pm</li><li>Sat-Sun: By appointment only</li></ul><div><font color="#707070"> OR Do <span style="color: rgb(112, 112, 112);text-align: left;float: none;background-color: rgb(255, 255, 255);">you want to change the  Hours of operation</span></font></div><div><font color="#707070"><span style="color: rgb(112, 112, 112);text-align: left;float: none;background-color: rgb(255, 255, 255);"><br/></span></font></div><div><font color="#707070"><span style="color: rgb(112, 112, 112);text-align: left;float: none;background-color: rgb(255, 255, 255);">Hours of operation are static now , for all Web , Mobile view  &amp; for trail pass will be same.</span></font></div><p><span style="color: rgb(108, 150, 28);float: none;background-color: rgb(255, 255, 255);"><b></b></span></p>', '', '1446213837', '2015-10-30 08:33:57'),
(1131, 283, 1, 1, '', '', '1446215778', '2015-10-30 09:06:18'),
(1132, 286, 1, 1, '', '', '1446215808', '2015-10-30 09:06:48'),
(1133, 281, 1, 1, '', '', '1446215826', '2015-10-30 09:07:06'),
(1134, 286, 3, 6, '<p>Phil,</p><p>Member''s membership was not M2M category, it was 18 months plan. Because of this system populated $200 early termination fee.</p><p>I have removed termination fee and member is going to cancel on 12/28/2015.</p><p>Please verify and confirm us.</p>', '', '1446216261', '2015-10-30 09:14:21'),
(1135, 283, 3, 6, '<p>Removed early termination fee, please verify and confirm us.</p>', '', '1446216385', '2015-10-30 09:16:25'),
(1136, 281, 3, 6, '<p>I have processed refund of $29 to EG0034903, and this amount was charged under another member -EG0035401. Sent email regarding this.</p><p>If everything resolved, please close this ticket.</p>', '', '1446216536', '2015-10-30 09:18:56'),
(1137, 283, 8, 3, '<p>thanks </p>', '', '1446220514', '2015-10-30 10:25:14'),
(1138, 286, 9, 1, '<p>Will the $59 pre paid due apply to the member''s last 30 days up until 12/28? Member will not be coming in at all, so $59 will be kept? Please advise. Thank you</p>', '', '1446221374', '2015-10-30 10:39:34'),
(1139, 281, 9, 3, '', '', '1446221389', '2015-10-30 10:39:49'),
(1140, 271, 9, 3, '<p>all set</p>', '', '1446221428', '2015-10-30 10:40:28'),
(1141, 247, 9, 1, '<p>Member has card on file, please proceed with traditional billing on next bill date of 11/2 for $19.97. Thank you. </p>', '', '1446221529', '2015-10-30 10:42:09'),
(1142, 286, 3, 5, '<p>Phil,</p><p>System will charge on 11/28/2015 for the current month based on workouts and last month due will be adjusted on 12/28/2015 (on cancellation day).</p><p>Please let me know any questions.</p>', '', '1446233265', '2015-10-30 13:57:45'),
(1143, 286, 9, 1, '<p>I would like the 11/28 date to be the last month of dues ($59 pre paid). 30 days notice was given on file in September with proof of relocation. I was not able to get the correct 30 days notice put through the website. Is this possible to change? Please advise. My apologies for the confusion. Thanks.</p>', '', '1446241066', '2015-10-30 16:07:46'),
(1144, 286, 3, 6, '<p>Member will cancel on 11/28/2015 with no further charges.</p><p>Please verify and confirm us.</p>', '', '1446484557', '2015-11-02 11:45:57'),
(1145, 286, 9, 3, '<p>thank you, all set</p>', '', '1446486745', '2015-11-02 12:22:25'),
(1146, 247, 3, 5, '<p>Phil,</p><p>Member used the club from 9/2  to 11/2 for the payment $39.94</p><p>As per EcoGym policies, should charge enhancement fee($29) + last month due($19.97) = Total will be $48.97.</p><p>Please verify and let me know to insert declined payment to charge from your end.</p>', '', '1446487331', '2015-11-02 12:32:11'),
(1147, 288, 1, 1, '', '', '1446487625', '2015-11-02 12:37:05'),
(1148, 289, 1, 1, '', '', '1446487644', '2015-11-02 12:37:24'),
(1149, 290, 1, 1, '', '', '1446487657', '2015-11-02 12:37:37'),
(1150, 288, 3, 6, '<p>Removed cancellation fee, please verify and confirm us.</p>', '', '1446487825', '2015-11-02 12:40:25'),
(1151, 247, 9, 1, '<p>Please only charge $19.97 on 11/2 for services used 11/2-12/2. Member, per my approval was not subject to $29 fee due to short term membership approval given by me for a Doctor referral. I understand normal club procedures, but this was a referral from a local business we have established a relationship with. Member is handicapped and using club minimally. Please advise on my request. Thank you</p>', '', '1446487877', '2015-11-02 12:41:17'),
(1152, 288, 9, 3, '<p>all set! Thanks</p>', '', '1446487925', '2015-11-02 12:42:05'),
(1153, 289, 3, 5, '<p>Dylan,</p><p>Please confirm the start date-12/30/2015 &amp; recurring bill date-1/30/2015 for Hyperbaric service, then only we can modify as requested.</p>', '', '1446488551', '2015-11-02 12:52:31'),
(1154, 289, 8, 1, '<p>yes thank you</p>', '', '1446490829', '2015-11-02 13:30:29'),
(1155, 290, 11, 5, '<p><span style="color: rgb(51, 51, 51);float: none;background-color: rgb(246, 248, 248);">Michael Vassar-Moss EG0034272 now as access to both Naperville and Plainfield facilities.</span><br/></p>', '', '1446527853', '2015-11-02 23:47:33'),
(1156, 290, 11, 6, '<p><span style="color: rgb(51, 51, 51);float: none;background-color: rgb(246, 248, 248);">Michael Vassar-Moss EG0034272 now as access to both Naperville and Plainfield facilities.</span><br/></p>', '', '1446527854', '2015-11-02 23:47:34'),
(1157, 291, 1, 1, '', '', '1446569809', '2015-11-03 11:26:49'),
(1158, 292, 1, 1, '<p>@Support please go through the issue before doing any changes.</p>', '', '1446569916', '2015-11-03 11:28:36'),
(1159, 293, 1, 1, '', '', '1446569924', '2015-11-03 11:28:44'),
(1160, 289, 3, 6, '<p>Modified the start date &amp; recurring bill date of Hyperbaric service.</p><p>Please verify and confirm us.</p>', '', '1446570440', '2015-11-03 11:37:20'),
(1161, 291, 3, 5, '<p>Dylan,</p><p>Not able to process the refund through authorize account since the credit has been expired.</p><p>Please advise.</p>', '', '1446570637', '2015-11-03 11:40:37'),
(1162, 289, 8, 3, '', '', '1446570654', '2015-11-03 11:40:54'),
(1163, 291, 8, 1, '<p>I will reach out to member and let you know when account has been updated. thank you</p>', '', '1446570729', '2015-11-03 11:42:09'),
(1164, 292, 3, 5, '<p>Updated early termination fee $200 and member is going to charge on 11/28/2015 since the cancellation applied on 11/02 , so system will consider 30days billing period and will cancel on 12/28/2015.</p><p>Please verify and let me know any questions.</p>', '', '1446570869', '2015-11-03 11:44:29'),
(1165, 291, 3, 5, '<p>Sure, then only we can process the refund.</p>', '', '1446570912', '2015-11-03 11:45:12'),
(1166, 293, 3, 6, '<p>Updated member''s first name.</p><p>Please verify and confirm us.</p>', '', '1446571028', '2015-11-03 11:47:08'),
(1167, 293, 13, 3, '', '', '1446571946', '2015-11-03 12:02:26'),
(1168, 292, 13, 1, '', '', '1446588555', '2015-11-03 16:39:15'),
(1169, 292, 13, 1, '<p>okay thanks</p>', '', '1446588565', '2015-11-03 16:39:25');

-- --------------------------------------------------------

--
-- Table structure for table `users`
--

CREATE TABLE IF NOT EXISTS `users` (
  `uid` int(11) NOT NULL,
  `name` varchar(50) NOT NULL,
  `email` varchar(50) NOT NULL,
  `phone` varchar(100) NOT NULL,
  `password` varchar(200) NOT NULL,
  `address` varchar(50) NOT NULL,
  `city` varchar(50) NOT NULL,
  `usertype` int(11) NOT NULL COMMENT '0:Admin, 1:Manager, 2:Support Team, 3:Owner',
  `created` timestamp NOT NULL DEFAULT CURRENT_TIMESTAMP
) ENGINE=InnoDB AUTO_INCREMENT=14 DEFAULT CHARSET=latin1;

--
-- Dumping data for table `users`
--

INSERT INTO `users` (`uid`, `name`, `email`, `phone`, `password`, `address`, `city`, `usertype`, `created`) VALUES
(1, 'Amar Reddy', 'amar.reddy@vaazu.com', '', 'Admin@123', 'USA', 'USA', 0, '2015-09-08 15:36:34'),
(2, 'Michael Benso', 'benso.michael@gmail.com', '', 'Admin@123', 'USA', 'USA', 0, '2015-09-08 15:57:06'),
(3, 'Deepika', 'deepika.reddy@vaazu.com', '', '12345', '', '', 2, '2015-09-08 17:41:51'),
(4, 'Sandeep Gangadhara', 'sandeep.gangadhara@vaazu.com', '9849087885', '12345', '', 'HYDERABAD', 2, '2015-09-08 17:44:07'),
(7, 'Anthony', 'anthonyd@example.com', '989898989', 'user', 'Texas', 'USA', 1, '2015-09-09 07:42:02'),
(8, 'Dylan Brown', 'dbrown@ecogymworldwide.com', '', 'Member@glenview', '', '', 1, '2015-09-09 07:43:52'),
(9, 'Philip', 'pgoforth@ecogymworldwide.com', '3126370605', 'ecogym03', '11914 S. Route 59 Suite 132, Plainfield IL 60585', 'Plainfield', 1, '2015-09-09 07:44:36'),
(10, 'Chris', 'cgellings@ecogymworldwide.com', '', 'Ecogym@12', '', '', 1, '2015-09-16 09:52:40'),
(11, 'George Rosario', 'george.rosario@vaazu.com', '', '123456', '', '', 2, '2015-09-28 13:46:25'),
(12, 'Sarah Brown', 'sbrown@ecogymworldwide.com', '630-887-6564', 'sbrown@123', '3124 Redbud Dr', 'Naperville', 1, '2015-10-08 17:21:43'),
(13, 'Rob Chambers', 'rchambers@ecogymworldwide.com', '309-261-0327', 'rchambers@123', '1341 Branchwood, Unit 103', 'Naperville', 1, '2015-10-08 17:24:12');

--
-- Indexes for dumped tables
--

--
-- Indexes for table `attachments`
--
ALTER TABLE `attachments`
  ADD PRIMARY KEY (`aid`);

--
-- Indexes for table `projects`
--
ALTER TABLE `projects`
  ADD PRIMARY KEY (`pid`);

--
-- Indexes for table `projects_assign`
--
ALTER TABLE `projects_assign`
  ADD PRIMARY KEY (`id`);

--
-- Indexes for table `question_s`
--
ALTER TABLE `question_s`
  ADD PRIMARY KEY (`id`);

--
-- Indexes for table `tickets`
--
ALTER TABLE `tickets`
  ADD PRIMARY KEY (`id`);

--
-- Indexes for table `tickets_s`
--
ALTER TABLE `tickets_s`
  ADD PRIMARY KEY (`id`);

--
-- Indexes for table `tickets_status`
--
ALTER TABLE `tickets_status`
  ADD PRIMARY KEY (`id`);

--
-- Indexes for table `users`
--
ALTER TABLE `users`
  ADD PRIMARY KEY (`uid`);

--
-- AUTO_INCREMENT for dumped tables
--

--
-- AUTO_INCREMENT for table `attachments`
--
ALTER TABLE `attachments`
  MODIFY `aid` int(11) NOT NULL AUTO_INCREMENT,AUTO_INCREMENT=4;
--
-- AUTO_INCREMENT for table `projects`
--
ALTER TABLE `projects`
  MODIFY `pid` int(11) NOT NULL AUTO_INCREMENT,AUTO_INCREMENT=4;
--
-- AUTO_INCREMENT for table `projects_assign`
--
ALTER TABLE `projects_assign`
  MODIFY `id` int(11) NOT NULL AUTO_INCREMENT,AUTO_INCREMENT=35;
--
-- AUTO_INCREMENT for table `question_s`
--
ALTER TABLE `question_s`
  MODIFY `id` int(11) NOT NULL AUTO_INCREMENT,AUTO_INCREMENT=4;
--
-- AUTO_INCREMENT for table `tickets`
--
ALTER TABLE `tickets`
  MODIFY `id` int(11) NOT NULL AUTO_INCREMENT,AUTO_INCREMENT=298;
--
-- AUTO_INCREMENT for table `tickets_s`
--
ALTER TABLE `tickets_s`
  MODIFY `id` int(11) NOT NULL AUTO_INCREMENT,AUTO_INCREMENT=7;
--
-- AUTO_INCREMENT for table `tickets_status`
--
ALTER TABLE `tickets_status`
  MODIFY `id` int(11) NOT NULL AUTO_INCREMENT,AUTO_INCREMENT=1170;
--
-- AUTO_INCREMENT for table `users`
--
ALTER TABLE `users`
  MODIFY `uid` int(11) NOT NULL AUTO_INCREMENT,AUTO_INCREMENT=14;
/*!40101 SET CHARACTER_SET_CLIENT=@OLD_CHARACTER_SET_CLIENT */;
/*!40101 SET CHARACTER_SET_RESULTS=@OLD_CHARACTER_SET_RESULTS */;
/*!40101 SET COLLATION_CONNECTION=@OLD_COLLATION_CONNECTION */;
